title,author,publisherName,itemCaption,ISBN,salesDate,itemPrice,size,booksGenreId,reviewCount,reviewAverage
PythonでExcel、メール、Webを自動化する本,中嶋英勝,SBクリエイティブ,プログラミング初心者でも全部できる！Ｐｙｔｈｏｎプログラミングの始め方から自動化に必要な知識まで、この１冊に完全収録。,9784815606398,2020年09月23日頃,2398,単行本,001005006003/001005017,3,4.33
Python 1年生 体験してわかる！会話でまなべる！プログラミングのしくみ,森 巧尚,翔泳社,基礎知識がわかる。基本文法をまなべる。開発体験ができる。簡単なプログラムから人工知能アプリまで体験！,9784798153193,2017年12月05日頃,2178,単行本,001005017,11,4.09
独習Python,山田 祥寛,翔泳社,フレームワークやライブラリを使う前に基礎を押さえる！Ｐｙｔｈｏｎを学ぶための“標準教科書”。プログラミングに必要な知識・概念・機能を体系的かつ網羅的に習得。解説、例題、練習問題の３ステップでよくわかる。,9784798163642,2020年06月22日頃,3300,単行本,001005017,0,0.0
独学プログラマー Python言語の基本から仕事のやり方まで,コーリー・アルソフ/清水川 貴之,日経BP,オブジェクト指向、シェル、正規表現、パッケージ管理、バージョン管理、データ構造、アルゴリズム、仕事の見つけ方・やり方。Ｐｙｔｈｏｎ言語の基本から仕事のやり方まで、プログラマーとして働くために必要な知識・ノウハウが１冊で丸わかり。,9784822292270,2018年02月25日頃,2420,単行本,001005017,27,4.0
退屈なことはPythonにやらせよう,Al Sweigart/相川愛三,オライリー・ジャパン,ファイル名の変更や表計算のデータ更新といった作業は、日々の仕事の中で頻繁に発生します。ひとつふたつ修正するだけであれば問題ないのですが、それが数十、数百となってくると手に負えません。そのような単純な繰り返し作業はコンピュータに肩代わりしてもらうとすごくラクになります。本書では、手作業だと膨大に時間がかかる処理を一瞬でこなすＰｙｔｈｏｎ３プログラムの作り方について学びます。対象読者はノンプログラマー。本書で基本をマスターすれば、プログラミング未経験者でも面倒な単純作業を苦もなくこなす便利なプログラムを作れるようになります。さらに、章末の練習問題を解くことで、類似のタスクを自動処理するスキルをもっと高めることができます。,9784873117782,2017年06月03日頃,4070,単行本,001005017,17,4.06
入門Python　3,ビル・ルバノビック/斎藤康毅,オライリー・ジャパン,Ｐｙｔｈｏｎが誕生して四半世紀。データサイエンスやウェブ開発、セキュリティなどさまざまな分野でＰｙｔｈｏｎの人気が急上昇中です。プログラミング教育の現場でもＣに代わってＰｙｔｈｏｎの採用が増えてきています。本書は、プログラミングが初めてという人を対象に書かれた、Ｐｙｔｈｏｎの入門書です。前提とする知識は特にありません。プログラミングおよびＰｙｔｈｏｎの基礎からウェブ、データベース、ネットワーク、並行処理といった応用まで、Ｐｙｔｈｏｎプログラミングをわかりやすく丁寧に説明します。,9784873117386,2015年12月,4070,単行本,001005017,14,4.15
Python 実践データ分析 100本ノック,下山　輝昌/松田　雄馬,秀和システム,これがリアルなデータ分析だ！事前の加工（視覚化）から機械学習、最適化問題まで。-ビジネス現場で即戦力になれる「応用力」を身につけよう！,9784798058757,2019年09月27日頃,2640,単行本,001006008002/001006018002,7,4.67
スッキリわかるPython入門,フレアリンク/国本大悟,インプレス,はじめての人・つまずいた人・納得したい人のための入門書。サクサク進めてしくみもバッチリ！プログラミングの「本質」を身に付け未来への道を切り拓こう！業務自動化、データサイエンス、人工知能、アプリ開発プログラマへの第一歩！,9784295006329,2019年06月,2640,単行本,001005017,3,3.5
Pythonで儲かるAIをつくる,赤石 雅典,日経BP,“見込み客予測”“土日の需要”“商品リコメンド”数学なしでアルゴリズム選びもチューニングもわかる。営業、マーケティングが劇的に変わる。全ＰｙｔｈｏｎコードをＧｏｏｇｌｅ　Ｃｏｌａｂ用のＮｏｔｅｂｏｏｋ形式で用意。,9784296106967,2020年08月07日頃,3190,単行本,001005017,0,0.0
ゼロから作るDeep Learning,斎藤 康毅,オライリー・ジャパン,作って学ぶ。手で覚える。ディープラーニングを理解するための最善の方法は、ディープラーニングをゼロから実装することです。,9784873117584,2016年09月24日頃,3740,単行本,001005017,58,4.53
Pythonスタートブック増補改訂版,辻真吾,技術評論社,Ｐｙｔｈｏｎ３．ｘによる最新の開発環境に完全対応。知識ゼロでもわかるイラスト＆サンプル満載の解説。オブジェクト指向の考え方をしっかり理解できる。Ｗｅｂアプリ開発やデータ処理の基礎もわかる！,9784774196435,2018年04月,2750,単行本,001005005011,6,4.0
めんどうな作業が秒速で終わる! Excel×Python自動化の超基本,伊沢 剛,宝島社,ぶっちゃけ「Ｐｙｔｈｏｎ」って何？どんなことができるの？知識ゼロでも仕事で使える？道具は必要？ｅｔｃ．「Ｐｙｔｈｏｎ」のことが何もわからなくても、コード表をコピペするだけ。教育系ＹｏｕＴｕｂｅｒがやさしく解説。めんどうな作業時間を１０分の１に！全編解説動画つきでわかりやすさ最強。,9784299008152,2020年08月19日頃,2178,単行本,001005006003/001006018002/001006018,1,4.0
Excel×Python最速仕事術,金宏 和實,日経BP,入力、転記、集計、分析、書式設定、出力…ＰｙｔｈｏｎできればＥｘｃｅｌが楽になる！何百回のコピペをゼロに。プログラミング初心者でも大丈夫。Ｐｙｔｈｏｎに自動化してもらおう！,9784822295936,2019年11月23日頃,2398,単行本,001006018002/001006018,6,3.5
Pythonでつくる ゲーム開発 入門講座,廣瀬豪,ソーテック社,大手メーカーで活躍してきた敏腕クリエイターが、ゲーム開発のノウハウをゼロから教えます。クイズ、すごろく、おみくじ、迷路ゲーム、診断アプリ、落ち物パズル、本格ＲＰＧ…ｅｔｃ．人気ジャンルを題材にして開発の基礎を学ぼう！,9784800712394,2019年07月19日頃,2948,単行本,001005002001/001005005001/001005017,0,0.0
みんなのPython 第4版,柴田 淳,SBクリエイティブ,Ｐｙｔｈｏｎ入門書のデファクトスタンダードが４年ぶりに大改訂。近年、Ｐｙｔｈｏｎの利用が、機械学習、ＡＩなどの科学技術分野へ大きく広がっている現状を踏まえて、細部にわたり加筆、修正した。,9784797389463,2016年12月24日頃,2970,単行本,001005017,5,3.0
いちばんやさしいPython入門教室,大澤文孝,ソーテック社,豊富なカラー図解とイラストで超わかる！プログラムの「読み方」「書き方」「しくみ」「動かし方」を根本から理解し、作りながらしっかり学べる、すべてのビギナーに最良の入門書！,9784800711595,2017年04月,2508,単行本,001005017,4,4.0
Pythonプログラミングパーフェクトマスター［Python3/Anaconda対応最新版］,金城俊哉,秀和システム,コーディングから人工知能開発へ実践的に解説！実用プログラム満載。,9784798061214,2020年03月28日頃,3520,単行本,001005017,0,0.0
Pythonによるプログラミング入門　東京大学教養学部テキスト,森畑　明昌,東京大学出版会,プログラミングの初心者でも、シミュレーションやデータ分析の基礎までを最短で身につけられる。プログラミング言語の研究者が書いた新しいタイプの入門書。,9784130624589,2019年09月25日頃,2420,単行本,001005005001/001005017,1,5.0
Pythonによるデータ分析入門 第2版,Wes McKinney/瀬戸山 雅人,オライリー・ジャパン,本書はＰｙｔｈｏｎの代表的なデータ分析ツール、ｐａｎｄａｓの開発者Ｗｅｓ　ＭｃＫｉｎｎｅｙによる、データ分析を行うための基本を網羅しています。すべてのサンプルコードはダウンロード可能で、Ｊｕｐｙｔｅｒ　Ｎｏｔｅｂｏｏｋで対話的に試し、実際に手を動かしながら知識を確実なものにすることが可能です。Ｐｙｔｈｏｎ３に対応した待望の改訂版。,9784873118451,2018年07月26日頃,4180,単行本,001012002,4,4.75
新・明解Python入門,柴田 望洋,SBクリエイティブ,適切なサンプルプログラム２９９編と分かりやすい図表１６５点で、Ｐｙｔｈｏｎの文法とプログラミングの基礎を系統立てて着実に学習できます。,9784815601522,2019年05月24日頃,2860,単行本,001005017,3,4.33
できる仕事がはかどるPython自動処理全部入り。,森本哲也/中野正輝,インプレス,単純だけど時間がかかる作業は、自動化しよう。,9784295006251,2019年06月,2530,単行本,001005005011/001006018002,2,3.5
入門者のPython　プログラムを作りながら基本を学ぶ,立山 秀利,講談社,Ｐｙｔｈｏｎは、ＡＩの開発やデータ分析、統計など何かと話題の分野で必須のプログラミング言語です。本書では、３つのプログラムを作り、動かしながらＰｙｔｈｏｎの基本からちょっとした応用を学びます。１つ１つの手順を丁寧に解説するので、書いてあるとおりにプログラムを作っていくだけで自然とＰｙｔｈｏｎの使い方や特長をマスターできます。,9784065131633,2018年09月19日頃,1430,新書,001005017/001020009,4,3.0
Pythonではじめる機械学習,Andreas C. Muller/中田 秀基,オライリー・ジャパン,Ｐｙｔｈｏｎの機械学習用ライブラリの定番、ｓｃｉｋｉｔ-ｌｅａｒｎのリリースマネージャを務めるなど開発に深く関わる著者が、ｓｃｉｋｉｔ-ｌｅａｒｎを使った機械学習の方法を、ステップバイステップで解説します。ニューラルネットを学ぶ前に習得しておきたい機械学習の基礎をおさえるとともに、優れた機械学習システムを実装し精度の高い予測モデルを構築する上で重要となる「特徴量エンジニアリング」と「モデルの評価と改善」について多くのページを割くなど、従来の機械学習の解説書にはない特長を備えています。,9784873117980,2017年05月25日頃,3740,単行本,001005017,6,3.83
Python2年生 スクレイピングのしくみ 体験してわかる！会話でまなべる！,森 巧尚,翔泳社,機械学習やデータ分析になくてはならない「データ」。このようなデータは、インターネット上に膨大にありますが、Ｐｙｔｈｏｎを使えば効率よくデータ収集できます。こうした手法を「スクレイピング」といいます。本書はＰｙｔｈｏｎを一通りまなんだ方に向けて、簡単なサンプルを作りながら、会話形式でスクレイピングのしくみをまなぶ書籍です。対象読者はＰｙｔｈｏｎの基本文法は知っている方（『Ｐｙｔｈｏｎ１年生』を読み終えた方）、データ収集やデータ分析の初心者。ヤギ博士＆フタバちゃんと一緒に、インターネットからのファイルのダウンロード方法、ＨＴＭＬ解析の方法、いろいろなデータの読み書き、ＡＰＩの使い方といったデータ収集、便利なライブラリを利用した簡単な可視化手法を解説します。,9784798161914,2019年10月04日頃,2420,単行本,001012010001/001012010,2,4.5
ビジネスPython超入門,中島省吾,日経BP,ビジネスに欠かせないプログラミングの基本スキルが学べる！人工知能で注目の言語、Ｐｙｔｈｏｎを初歩から解説。書き方から実行手順までステップ・バイ・ステップ。条件分岐や繰り返しなどの必須構文を着実にマスター。ネットの情報を自動取得、Ｗｅｂスクレイピングの基礎。手書き文字を認識する機械学習をゼロから体験。,9784296102136,2019年06月07日頃,2640,単行本,001005017,4,4.5
文系プログラマーのためのPythonで学び直す高校数学,谷尻かおり（メディックエンジニアリング）,日経BP,,9784822295912,2019年03月15日頃,2750,単行本,001005005011/001012002,1,5.0
仕事と遊びに役立つPython活用術,日経ソフトウエア,日経BP,,9784296105403,2020年02月17日,2530,ムックその他,001005017,0,0.0
スラスラ読めるPythonふりがなプログラミング,ビープラウド/リブロワークス,インプレス,コードが読めればプログラミングは楽しくなる！！基本をしっかり。目指したのは「究極のやさしさ」。登場するコードに「ふりがな」を。さらに「読み下し文」でフォロー。,9784295003861,2018年06月,2035,単行本,001005005011,7,4.0
詳細！Python3入門ノート,大重美幸,ソーテック社,Ｐｙｔｈｏｎプログラミングを全力で学ぶならこの１冊！Ｐｙｔｈｏｎをこれから学ぶビギナーから、基礎力を得て現場で実践したい方まで、確実なスキルアップをはかれます。,9784800711670,2017年05月,2948,単行本,001005017,5,4.6
現場で使える！Python科学技術計算入門 NumPy/SymPy/SciPy/pandasによる数値計算・データ処理手法,かくあき,翔泳社,研究や開発、データ分析に使える！科学技術計算におけるＰｙｔｈｏｎ利用の基礎を習得。高機能で、学びやすいＰｙｔｈｏｎは、科学技術計算の用途でも広く利用されています。本書は、コンピュータを用いて数学的問題の解決に取り組む学生、エンジニア、研究者の方に向けて、Ｐｙｔｈｏｎの基礎知識と、Ｐｙｔｈｏｎの科学技術計算への利用方法について解説した書籍です。,9784798163741,2020年05月19日頃,3520,単行本,001005017,0,0.0
Python実践入門 ── 言語の力を引き出し、開発効率を高める,陶山 嶺,技術評論社,シンプルな文法と豊富な機能で読みやすいコードへ。基本文法から開発の実例まで一挙に解説。,9784297111113,2020年01月24日頃,3278,単行本,001005017,1,5.0
［第3版］Python機械学習プログラミング 達人データサイエンティストによる理論と実践,Sebastian Raschka;Vahid Mirjalili/株式会社クイープ　訳/福島 真太朗　監訳,インプレス,本書は、機械学習コンセプト全般をカバーし、理論的背景とＰｙｔｈｏｎコーディングの実際を解説しています。初歩的な線形回帰から始め、ディープラーニング（ＣＮＮ／ＲＮＮ）、敵対的生成ネットワーク（ＧＡＮ）、強化学習などを取り上げ、ｓｃｉｋｉｔ-ｌｅａｒｎやＴｅｎｓｏｒＦｌｏｗなどＰｙｔｈｏｎライブラリの新版を使ってプログラミング。第３版では１３〜１６章の内容をほとんど刷新したほか、敵対的生成ネットワークと強化学習の章を新たに追加。機械学習プログラミングの本格的な理解と実践に向けて大きく飛躍できる一冊です。,9784295010074,2020年10月22日頃,4400,,001005005011/001005017,0,0.0
徹底攻略基本情報技術者の午後対策Python編,瀬戸美月,インプレス,プログラム系問題の新選択言語、初の対策書！ＡＩ、機械学習、データサイエンス時代の注目言語「Ｐｙｔｈｏｎ」の実用スキルと試験対策力が同時に身に付く！解説付き予想問題収録！,9784295008378,2020年02月,2530,単行本,001016011004/001016011,0,0.0
Pythonクローリング＆スクレイピング[増補改訂版] -データ収集・解析のための実践開発ガイドー,加藤 耕太,技術評論社,Ｐｙｔｈｏｎによるクローラー・スクレイパー開発が基礎からわかる。複雑なデータへの対処や運用、分析など実践ノウハウを紹介。強力なライブラリ・フレームワークによる高効率開発。Ｗｅｂデータ収集・解析の技法を基礎から実用まで徹底解説。,9784297107383,2019年08月10日頃,3608,単行本,001012010001/001012010,1,5.0
Pythonでつくる ゲーム開発 入門講座 実践編,廣瀬豪,ソーテック社,世界観・ルール・難易度の設定、ＧＵＩ操作、処理の切替え。「ミニゲーム」「ドットイートアクション」「マップエディタ」「弾幕シューティング」「３Ｄカーレース」「ランチャー」…ｅｔｃ人気ジャンルを題材にして開発の腕を磨こう！,9784800712561,2019年12月18日頃,3278,単行本,001005005001/001005005011/001005017,1,5.0
Python2年生 データ分析のしくみ 体験してわかる！会話でまなべる！,森 巧尚,翔泳社,スクレイピングなどで集めた大量のデータ。どうやって分析したらよいか、困っていませんか？「数式があって難しそう」「プログラムも大変そう」と思っている方も多いはず。本書は、そうした方に向けて、サンプルを元にやさしくデータ分析の方法を解説しています。,9784798164960,2020年08月21日頃,2420,単行本,001012002,0,0.0
つくってマスターPython - 機械学習・Webアプリケーション・スクレイピング・文書処理ができる！,掌田津耶乃,技術評論社,実用的なプログラムがつくれるようになると、Ｐｙｔｈｏｎはもっと楽しくなる。ライブラリを活用して、本格的な開発をはじめよう。,9784297110345,2019年11月16日頃,2838,単行本,001005017,1,4.0
Python基礎＆実践プログラミング,マグヌス・リー・ヘトランド/武舎広幸,インプレス,本書は、「Ｐｙｔｈｏｎ文法や基本テクニック」「目的別テクニック」「プロジェクトレベルの実践」の３つのパートに分かれています。これら３つのテーマはＰｙｔｈｏｎプログラマーに必要な知識と技術であり、本書では豊富なサンプルを頼りに、その基礎的な部分から実践までを総合的に学ぶことができます。入門レベルを終了した方や、他言語プログラマーから入門する方などにとって最適の一冊です。,9784295008385,2020年02月,3960,単行本,001005005011/001005017,0,0.0
図解！　Pythonのツボとコツがゼッタイにわかる本　“超”入門編,立山秀利,秀和システム,これからはじめてみたい人のための超入門Ｐｙｔｈｏｎ！サンプルの作成を通してプログラミングに入門しよう！,9784798059716,2020年02月22日頃,2200,単行本,001005017,0,0.0
仕事を自動化する！ Python入門講座,廣瀬 豪,ソーテック社,単純で面倒なパソコン業務はパイソンがやってくれます！楽して時短＆業務に役立つ。プログラムにすべてお任せ。知識・経験ゼロでも大丈夫。サンプルコード満載です！,9784800712646,2020年06月03日頃,2398,単行本,001005005011/001005017,0,0.0
1週間でPythonの基礎が学べる本,亀田健司,インプレス,プログラミング学習書を読んではみたけど、ちょっと難しかった…そんなあなたを「基礎の基礎」から後押しします。本書では１週間で、プログラミングが動くコンピュータのしくみの理解から、簡単なプログラムが書ける力を手に入れられるようになるまでをサポートします。,9784295008538,2020年03月,2640,単行本,001005005011/001005017,0,0.0
Pythonによるあたらしいデータ分析の教科書,寺田 学/辻 真吾,翔泳社,データ分析においてＰｙｔｈｏｎはデファクトスタンダードな存在になっています。本書は、Ｐｙｔｈｏｎのインストールから、ｓｃｉｋｉｔ-ｌｅａｒｎを利用した機械学習の実践方法まで解説したデータ分析の入門書です。第１章ではなぜデータ分析が注目されているのか解説し、第２章ではＰｙｔｈｏｎをインストールしデータ分析の環境を整えます。第３章では最低限身に付けておきたい数学の基礎を解説します。第４章から実際にライブラリを利用して実践的な手法を解説していき、第５章では応用編としてスクレイピング、自然言語処理、画像処理を紹介します。これからデータ分析エンジニアを目指す方にオススメの１冊です。,9784798158341,2018年09月19日頃,2728,単行本,001012002,7,3.2
12歳からはじめるゼロからのPythonゲームプログラミング教室,大槻有一郎/リブロワークスPython部,ラトルズ,ミニゲームを作りながら、人工知能で話題のＰｙｔｈｏｎを楽しく覚えよう！Ｗｉｎｄｏｗｓ　７／８／８．１／１０対応。,9784899774631,2017年05月,2420,単行本,001005017,6,4.17
Pythonでかなえる　Excel作業効率化,北野勝久/高橋宣成,技術評論社,Ｅｘｃｅｌ・スプレッドシート操作の自動化、ファイル移動・フォルダ編集、データ集計とグラフ作成、スクレイピング…めんどうな定常業務で消耗する前にその仕事、プログラミング自動化。,9784297114503,2020年07月25日頃,2508,単行本,001005006003/001005017,0,0.0
Effective Python 第2版,Brett Slatkin/黒川 利明,オライリー・ジャパン,ＧｏｏｇｌｅでＰｙｔｈｏｎを使ったさまざまなサービスを立ち上げ、Ｐｙｔｈｏｎを知り尽くした著者による、Ｐｙｔｈｏｎエキスパート必携書の改訂版です。第２版ではＰｙｔｈｏｎ３．８に対応、データ構造、内包表記とジェネレータ、性能、デバッグについての章を新たに追加するなど、第１版の５９項目を大幅に改訂し、９０項目にわたってベストプラクティス、ヒント、落とし穴の避け方だけでなく、新機能の使い方などのノウハウを解説します。優れたＰｙｔｈｏｎコードを書くために何をすべきか、何をすべきでないか、なぜこれが良い方法なのかをＰｙｔｈｏｎの流儀に従って解説。効率的で堅牢であるだけでなく、読みやすく、保守しやすく、改善しやすいＰｙｔｈｏｎｉｃなコードを書く秘訣を教えます。強力な機能を備えながらもシンプルで使いやすく、多くの開発者を惹きつけてやまないＰｙｔｈｏｎの魅力と威力を体感できる一冊です。,9784873119175,2020年07月16日頃,3960,単行本,001005005011/001005017,0,0.0
Pythonで動かして学ぶ！あたらしい機械学習の教科書 第2版,伊藤 真,翔泳社,サンプルを使って「教師あり学習」を丁寧に解説！数式とプログラムをつなげて理解できる！Ｊｕｐｙｔｅｒ　Ｎｏｔｅｂｏｏｋ対応。最新のＰｙｔｈｏｎ３．７に対応。学習内容を「要点のまとめ」で復習。数式とプログラムをつなげたわかりやすい解説。,9784798159911,2019年07月18日頃,2948,単行本,001005017,1,0.0
OD＞株とPython,宮部保雄,インプレスR＆D,株初心者プログラマーのためのＰｙｔｈｏｎを活用する株式運用入門！,9784844398844,2018年12月,2200,単行本,001006005,2,4.0
3ステップでしっかり学ぶPython入門,山田祥寛/山田奈美（テクニカルライター）,技術評論社,予習、体験、理解。一番わかりやすいＰｙｔｈｏｎの入門書。到達度がわかる練習問題付き。,9784774197630,2018年06月,2728,単行本,001005005011,0,0.0
Pythonではじめるアルゴリズム入門 伝統的なアルゴリズムで学ぶ定石と計算量,増井 敏克,翔泳社,Ｐｙｔｈｏｎの基本とアルゴリズムの基礎を１冊で学べる。具体的なサンプルコードと動作イメージ（フローチャート）を交えて解説。自分で書いて実行して動作を試しながら学習できる。アルゴリズムの使い方や考え方だけでなく、アルゴリズムの計算量についての理解も深まる。,9784798163239,2020年01月24日頃,2420,単行本,001005017,0,0.0
Pythonチュートリアル第3版,グイド・ファン・ロッサム/鴨澤眞夫,オライリー・ジャパン,本書はプログラミング言語Ｐｙｔｈｏｎの作者Ｇｕｉｄｏ氏が書き下ろした、Ｐｙｔｈｏｎ入門者のための手引き書です。Ｐｙｔｈｏｎの言語とシステムの基本的な機能やコンセプトを解説し、さらにＰｙｔｈｏｎの特徴的な機能を数多く取り上げて紹介することで、読者がこの言語の雰囲気とスタイルをつかめるよう配慮しています。今回の改訂では最新の３．５．１版ドキュメントに追随し、また追加された新しい言語機能とライブラリモジュール、仮想環境といった多くの変更に対応しました。本書を読むことで、Ｐｙｔｈｏｎのモジュールやプログラムを読み書きできるようになり、ライブラリリファレンスで解説されているさまざまなモジュールについて、詳しく学ぶ準備が整います。入門者必読の書です。,9784873117539,2016年03月24日頃,1980,単行本,001005017,7,3.43
Pythonではじめる Webサービス＆スマホアプリの書きかた・作りかた,クジラ飛行机,ソシム,アイディアがあったらＷｅｂサービスやアプリを作って、ビジネスにもつなげたいが。どうすれば？ウチの会社のビジネスはネットでもいけるんじゃない？まずプロトタイプを作って自社のＷｅｂサービスを載せてみよう。でもどうやって？ＩｎｓｔａｇｒａｍのあれやＵｂａｒのこれやみたいな仕組みを取り入れたいんだけど…。どうなっているの？そんなアナタにＷｅｂサービスの作り方、教えます。,9784802612517,2020年06月04日頃,3520,単行本,001012010001/001012010,0,0.0
Pythonによる制御工学入門,南　裕樹,オーム社,,9784274223907,2019年05月22日頃,2860,単行本,001012010001/001012010005,1,4.0
もっとラクに！ もっと速く！ Excel×Python データ処理自由自在,金宏 和實,日経BP,大量のデータも煩わしい手作業も自分専用プログラムで瞬時に処理。自宅でも会社でも目指せ残業ゼロ！テレワークでも役立つ究極の時短術。プログラミングも初歩の初歩から学べます。あんなに大変だった抽出、並べ替え、集計が一瞬で！簡単プログラミングでエクセルを動かす実践ワザ満載！,9784822295981,2020年11月20日頃,2310,単行本,001006018002,0,0.0
Pythonデータサイエンスハンドブック,Jake VanderPlas/菊池 彰,オライリー・ジャパン,Ｐｙｔｈｏｎのデータサイエンス用のツールを使いこなし、効率よく仕事を進めるための、実用的な情報が詰め込まれたリファレンスです。ＩＰｙｔｈｏｎとＪｕｐｙｔｅｒ、ＮｕｍＰｙ、ｐａｎｄａｓ、Ｍａｔｐｌｏｔｌｉｂ、ｓｃｉｋｉｔ-ｌｅａｒｎをカバーします。それぞれのトピックについて、押さえておくべき基本、ｔｉｐｓ、便利なコマンドなどを紹介します。Ｐｙｔｈｏｎでデータの操作、変換、可視化、統計的処理、データモデルの構築、科学計算を行う人にとってはいつも手元に置いておきたい「使える」一冊です。,9784873118413,2018年05月26日頃,4620,単行本,001005017,3,4.5
Pythonと実データで遊んで学ぶデータ分析講座,梅津雄一/中野貴広,シーアンドアール研究所,理論と実践のどちらにもフォーカスを当て、ＡＩや機械学習について「ある程度、中身を知って使える」を目指す入門書。Ｔｗｉｔｔｅｒ　ＡＰＩや国の統計データなど、生のデータを使い、遊んでいるような感覚で理解が進む１冊！,9784863542839,2019年08月,3223,単行本,001012002,1,4.0
Python超入門,伊藤裕一（プログラミング）,技術評論社,詰め込みすぎないわかりやすい解説。コレならわかる！できる！,9784774191126,2017年08月,2266,単行本,001005005011,6,3.8
最短距離でゼロからしっかり学ぶ Python入門　必修編　〜プログラミングの基礎からエラー処理、テストコードの書き方まで,Eric Matthes/鈴木たかのり,技術評論社,「必修編」では、プログラミング環境の用意、基本的なプログラムの書き方に始まり、リスト、辞書、クラス、関数といった基礎的な知識からエラー処理、テストコードの書き方までを演習問題を交えながら、わかりやすく解説します。随所にプログラマーとしての心構えなども触れられており、読みやすく整理されたコードの書き方も身につきます。これから初めてＰｙｔｈｏｎを学ぶ人も、学び直したい人も、必読の書籍です。Ｗｉｎｄｏｗｓ・Ｍａｃ・Ｌｉｎｕｘ対応。,9784297115708,2020年09月02日頃,3520,単行本,001005017,1,5.0
Pythonで動かして学ぶ！あたらしいブロックチェーンの教科書,株式会社FLOC,翔泳社,ブロックチェーンのしくみと基礎がわかる！Ｊｕｐｙｔｅｒ　Ｎｏｔｅｂｏｏｋ対応。,9784798159447,2019年11月11日頃,2948,単行本,001006024,2,4.0
Pythonで機械学習入門,大関真之,オーム社,,9784274222863,2019年05月31日頃,2640,単行本,001005017,1,5.0
Pythonで動かして学ぶ！あたらしい数学の教科書 機械学習・深層学習に必要な基礎知識,我妻 幸長,翔泳社,本書は機械学習・深層学習に必要な線形代数／確率・統計／微分の基礎知識をわかりやすく解説した書籍です。,9784798161174,2019年09月17日頃,2948,単行本,001005017,0,0.0
科学技術計算のためのPython入門,中久喜健司,技術評論社,科学技術計算を強力サポートするＰｙｔｈｏｎのエコシステムの今を知り、より効率的な研究／開発を実現する。研究／開発に使える基本文法から実践テクニックまでこの１冊で！,9784774183886,2016年09月22日頃,3520,単行本,001005017/001012002,5,3.5
たのしくまなぶPythonプログラミング図鑑,キャロル・ヴォーダマン/山崎 正浩,創元社,２０２０年小・中学校でプログラミング教育が本格化！人気のプログラミング言語「パイソン」を習得するための最高の入門書。,9784422414195,2018年08月28日頃,3080,単行本,001005005001/001005005011,0,0.0
Pythonで始めるOpenCV　4プログラミング,北山直洋,カットシステム,,9784877834616,2019年03月,3630,単行本,001005017,0,0.0
使ってわかったAWSのAI　-まるごと試せば視界は良好 さあPythonではじめよう！-,井上 研一,リックテレコム,本書は、ＡＷＳが提供するＡＩのサービスについて、その全体像をまるごと、ざっくりつかんで頂くことを目的としています。ＳａｇｅＭａｋｅｒ、Ｆｏｒｅｃａｓｔ、Ｄｅｅｐ　Ｌｅａｒｎｉｎｇ　ＡＭＩ、Ｒｅｋｏｇｎｉｔｉｏｎ等々、さまざまなサービスがあり、全貌をつかむのも一苦労です。だからこそ、本書のナビゲートに沿って皆さん自身が操作し、サービスの内容を確認していくことが大切なのです。体感してこそ身に付きます。それでは、さっそくはじめましょう！,9784865942460,2020年05月26日頃,2860,単行本,001005017,0,0.0
Pythonトリック,Dan Bader/株式会社クイープ,翔泳社,,9784798157672,2020年04月15日頃,3080,単行本,001005017,0,0.0
PythonフレームワークFlaskで学ぶWebアプリケーションのしくみとつくり,掌田津耶乃,ソシム,（１）ｈｔｔｐ．ｓｅｒｖｅｒを使ったアプリ開発。（２）Ｆｌａｓｋを使ったアプリ開発。（３）Ｂｏｏｔｓｔｒａｐでスタイリング。（４）Ｖｕｅ．ｊｓでＳＰＡ開発。（５）データベースとの連携。ＰｙｔｈｏｎでＷｅｂアプリ開発をゼロから、じっくりと学ぼう。,9784802612241,2019年08月,3520,単行本,001012010001/001012010,0,0.0
いろいろ作りながら学ぶ！Python入門,日経ソフトウエア,日経BP,,9784296103188,2019年06月24日,2530,ムックその他,001005017,2,1.5
RとPythonで学ぶ［実践的］データサイエンス＆機械学習,有賀友紀/大橋俊介,技術評論社,ＲＳｔｕｄｉｏ＆Ｊｕｐｙｔｅｒ　Ｎｏｔｅｂｏｏｋ対応。現場で活用するための最短コース！さまざまな分析の「理論」と「実際の考え方」をＲ／Ｐｙｔｈｏｎで体験学習。,9784297105082,2019年04月,3278,単行本,001005017,3,5.0
Pythonで動かして学ぶ！あたらしいIoTの教科書,株式会社VOST,翔泳社,本書は技術者向けのＩｏＴセミナーで定評のある株式会社ＶＯＳＴの大人気ＩｏＴ講座をもとにした書籍です。学習デバイスには、ＩｏＴの基本を学ぶ際に適しているＲａｓｐｂｅｒｒｙ　Ｐｉを利用しています。具体的には、ＩｏＴセンサーを利用したデータの集め方、データのクラウドへの保存、データの可視化、ＡＩとの連携など、実際にサンプルを動かしながら学べます。最終章ではセキュリティについても解説しています。,9784798162492,2020年03月11日頃,3080,単行本,001012010001/001012010,1,3.0
Python版　つくって学ぶProcessingプログラミング入門,長名 優子/石畑 宏明,コロナ社,,9784339029017,2019年12月16日頃,2640,単行本,001005005001/001005017,0,0.0
できる 仕事がはかどるPython＆Excel自動処理 全部入り。,リブロワークス,インプレス,シゴト高速化プログラムを集大成！！Ｅｘｃｅｌ操作の基本ー行列、セル、ブックをＰｙｔｈｏｎで操作する。日常業務の効率化ーフォーマットを統一、データ集計に活用。ライブラリを便利に使うーデータ収集や分析も自動処理でラクラク。実務に役立つ５０の時短ワザ！,9784295009832,2020年08月24日頃,2365,,001006018002,0,0.0
エレガントなSciPy,Juan Nunez-Iglesias/Stefan van der Walt,オライリー・ジャパン,豊富な科学関連、数学関連のライブラリを持つＰｙｔｈｏｎは、多くの科学技術分野で使われています。本書では、ＳｃｉＰｙの使い方とその威力を紹介するだけでなく、実際の科学データとＮｕｍＰｙ、ｐａｎｄａｓ、Ｍａｔｐｌｏｔｌｉｂ、ＩＰｙｔｈｏｎ、Ｊｕｐｙｔｅｒノートブック、ｓｃｉｋｉｔ-ｌｅａｒｎ、ｓｃｉｋｉｔ-ｉｍａｇｅといったライブラリやツールを利用して実際の問題を解決する作業を通じて、数学的計算の基礎となるデータ構造のＮｕｍＰｙ配列を使いこなし、科学技術計算の明確かつ簡潔かつ効率的でエレガントなコードの書き方を学ぶことができます。掲載コードとデータ、環境、ツールはすべて本書のＧｉｔＨｕｂから利用可能です。Ｐｙｔｈｏｎ　３対応。,9784873118604,2018年11月10日頃,3740,単行本,001005017,1,5.0
動かして学ぶ！Python Django開発入門,大高 隆,翔泳社,本書は、大人気フレームワーク「Ｄｊａｎｇｏ」によるＷｅｂアプリ開発手法を学べる書籍です。具体的には、ＤｊａｎｇｏによるＷｅｂアプリの設計・作成の基本、動的機能の作成（フォーム作成）の基本、認証処理の基本、データベースとの連携の基本（日記機能）、クラウドとの連携の基本（デプロイも含む）、セキュリティの基本など一通り学ぶことができます。フルスタックエンジニア必携の１冊です。,9784798162508,2019年12月13日頃,3740,単行本,001012010001/001012010,1,3.0
すぐに使える！業務で実践できる！　PythonによるAI・機械学習・深層学習アプリのつくり方　TensorFlow2対応,クジラ飛行机/杉山陽一,ソシム,ＡＩで美味しいワイン判定、顔にモザイクをかける、手書き数字を判定、郵便番号を自動認識、動画から特定の場面を検出、文章を単語に分割、単語の意味をベクトル化、文章を分類してみよう、自動作文に挑戦、ＳＮＳへのスパム投稿を判定等。新しい生活様式に対応！マスク着用の“あり”“なし”を判定サンプル収録。,9784802612791,2020年10月22日頃,3520,単行本,001005017,0,0.0
PythonによるWebスクレイピング 第2版,Ryan Mitchell/黒川 利明,オライリー・ジャパン,さらなる自動化、並列クローリング、Ｐｙｔｈｏｎ　３．ｘ全面対応、Ｓｃｒａｐｙ　１．６対応ｅｔｃ．本当に欲しい情報を効率的に手に入れる。改訂！第２版。,9784873118710,2019年03月26日頃,3520,単行本,001012010001/001012010,1,4.0
PythonではじめるiOSプログラミング,掌田　津耶乃,ラトルズ,ｉＰｈｏｎｅ、ｉＰａｄでＰｙｔｈｏｎを使い、ｉＯＳプログラミングに挑戦。ｉＯＳでＰｙｔｈｏｎプログラミングができる人気アプリ「Ｐｙｔｈｏｎｉｓｔａ３」を使い、Ｐｙｔｈｏｎの基礎からｎｕｍｐｙ／ｓｙｍｐｙなど拡張モジュールによる数理計算、２Ｄグラフィックを使ったゲーム作成、そしてｉＯＳ機能を拡張するプログラミングまで楽しくマスターしよう。,9784899774983,2019年10月25日頃,2860,単行本,001005001004/001005001006/001006019004,2,4.0
ゲームセンターあらしと学ぶ プログラミング入門 まんが版こんにちはPython,すがや みつる,日経BP,だれでも、はじめてでも、ゲームが作れる！エラーなんか怖くない！作って動かす楽しさを体験しよう！伝説のゲームマンガでプログラミングが身につく！,9784822288822,2020年04月30日頃,1650,単行本,001005005001/001005017,3,4.0
Pythonによるスクレイピング＆機械学習開発テクニック増補改訂,クジラ飛行机,ソシム,Ｐｙｔｈｏｎでスクレイピングや機械学習をやってみたい！そんなアナタのための一冊。サンプルコードを動かしながら、仕組みと使い方が理解できます。今回の改訂では、ソースコードの全面見直し、Ｓｃｒａｐｙの解説を加筆、ＴｅｎｓｏｒＦｌｏｗ　Ｖｅｒ１．１０以降に対応、セキュアなＨＴＴＰＳサイトへの対応、ＳｅｌｅｎｉｕｍによるＦｉｒｅｆｏｘの自動操縦の加筆を行いました。,9784802611923,2019年01月,3520,単行本,001005017,0,0.0
機械学習スタートアップシリーズ　ゼロからつくるPython機械学習プログラミング入門,八谷 大岳,講談社,とりあえず動かせたけど、実は中身がさっぱりわからない。思ったほど良い性能が出ないけど、原因がさっぱりわからない。既存のアルゴリズムに新しい機能を追加したいけど、どこから手をつければよいのか、さっぱりわからない。こんなときに読んでほしい。,9784065206126,2020年08月31日頃,3300,単行本,001005005001/001005017,0,0.0
Pythonによるファイナンス 第2版,Yves Hilpisch/黒川 利明,オライリー・ジャパン,さまざまな分野で威力を発揮するＰｙｔｈｏｎは、ファイナンスの分野でも重要なテクノロジーとして急成長を遂げています。本書は、Ｐｙｔｈｏｎを使った金融工学の初歩的な基本事項からアルゴリズム取引やデリバティブ分析までカバーし、必要なプログラミング、機械学習や深層学習を利用したデータ分析、統計などについて、数理と実用面から詳しく解説します。「データ駆動型アプローチ」と「ＡＩファーストファイナンス」を軸に、これからのファイナンスに必要な戦略と実践力を体得できることを目的とします。,9784873118901,2019年12月26日頃,4950,単行本,001005005011/001006005,2,4.0
Pythonエンジニア育成推進協会監修　Python 3スキルアップ教科書,辻 真吾、小林 秀幸、鈴木 庸氏、細川 康博,技術評論社,データサイエンスや機械学習で必要となるＰｙｔｈｏｎプログラミングの知識が、この一冊で身に付きます！Ｐｙｔｈｏｎエンジニアを目指す人に最適！,9784297107567,2019年10月07日頃,3058,単行本,001005017,0,0.0
スラスラわかるPython,岩崎 圭/北川 慎治,翔泳社,本書は話題となっているプログラミング言語の１つ「Ｐｙｔｈｏｎ」の入門書です。Ｐｙｔｈｏｎは人工知能やデータサイエンスの分野で使われており注目されています。この書籍は、はじめてプログラミングを学ぶ人に向けています。プログラミングの「なぜ」を解決できるようわかりやすさを重視した解説をしており、Ｐｙｔｈｏｎのスタンダードな知識を身に付けることができます。はじめてプログラミング言語を学ぶ方、Ｐｙｔｈｏｎを学習したい方におすすめの１冊です。,9784798151090,2017年08月07日頃,2530,単行本,001005017,6,4.0
PythonによるAIプログラミング入門,Prateek Joshi/相川 愛三,オライリー・ジャパン,ニューラルネット、論理プログラミング、遺伝的アルゴリズム、自然言語処理、音声認識、画像からの動物体検出、分類問題や回帰問題、クラスタリング、連続データ解析、強化学習、ゲームの解法…データ解析や機械学習の古典的な手法から始め、さまざまな人工知能の関連分野を扱いながら、Ｐｙｔｈｏｎでよく使われるライブラリの基本的な使い方を解説。,9784873118727,2019年03月20日頃,3740,単行本,001005005001,0,0.0
Pythonプログラミングパーフェクトマスター[Python3/Anaconda/PyQt5対応第3版],金城俊哉,秀和システム,コーディングから深層学習まで実践的に解説！実用プログラム満載。Ｐｙｔｈｏｎの基礎からよくわかる！,9784798063676,2020年12月19日頃,3520,単行本,001005017,0,0.0
Pythonで学ぶ流体力学の数値計算法,藤井孝藏/立川智章,オーム社,,9784274224706,2020年10月20日頃,4180,単行本,001012010005,0,0.0
Pythonで学ぶ音源分離（機械学習実践シリーズ）,戸上真人,インプレス,,9784295009849,2020年08月24日頃,3850,,001005017,0,0.0
ゼロから学ぶPythonプログラミング　Google　Colaboratoryでらくらく導入,渡辺 宙志,講談社,問題解決に必要な「プログラマ的感覚」が身につく！初めてプログラミングに触れる読者を、数値シミュレーションや機械学習まで導く！,9784065218839,2020年12月17日頃,2640,単行本,001005017,0,0.0
実践 Pythonによるデータベース入門,藤野 巖,コロナ社,,9784339029123,2020年08月09日頃,3630,単行本,001005017,0,0.0
Pythonで学ぶネットワーク分析,村田　剛志,オーム社,Ｐｙｔｈｏｎで「つながり」を分析しよう！ＳＮＳにおける口コミの広がり、Ｗｅｂサイトの引用関係、流通網や交通網…。さまざまな「つながり」を分析するキホンを、豊富なサンプルコードでわかりやすく解説！,9784274224256,2019年09月15日頃,3080,単行本,001012002,0,0.0
Python機械学習クックブック,Chris Albon/中田 秀基,オライリー・ジャパン,Ｐｙｔｈｏｎによる機械学習を進める上で、頻繁に遭遇すると思われる２００超の問題とその解決策を紹介。幅広い内容をカバー。巻末に日本語版付録「日本語テキストの取り扱い」を収録。「やりたいこと」「困っていること」に答えてくれる一冊です。,9784873118673,2018年12月15日頃,3740,単行本,001005017,0,0.0
最短距離でゼロからしっかり学ぶ Python入門　実践編　〜ゲーム開発・データ可視化・Web開発,Eric Matthes/鈴木たかのり,技術評論社,「実践編」では、「エイリアン侵略ゲーム」「データの可視化」「Ｗｅｂアプリケーション」という３つのプロジェクトにチャレンジします。次第に難易度のあがるシューティングゲーム作りを通じて、２Ｄゲームの開発ができるようになり、大量のデータを調査し、可視化するデータサイエンスのための必須知識を身につけ、そしてＷｅｂアプリケーション開発ではアカウントを作成し日記を記入、ログとして保管できるプログラム作成を習得します。「必修編」で学んだ方はもちろん、Ｐｙｔｈｏｎの基礎を学んでより実践的な知識を習得したい方も必読です。Ｗｉｎｄｏｗｓ・Ｍａｃ・Ｌｉｎｕｘ対応。,9784297115722,2020年09月02日頃,3630,単行本,001005017,0,0.0
Python Django 超入門,掌田津耶乃,秀和システム,いますぐはじめたい人へ！手を動かしながらおぼえるＤｊａｎｇｏ入門。巻末おまけ、初心者も安心のＰｙｔｈｏｎ超入門も収録。,9784798054483,2018年06月09日頃,3300,単行本,001012010001/001012010,0,0.0
Python実践機械学習システム100本ノック,下山 輝昌/下山　輝昌,秀和システム,データ活用プロジェクト成功のカギは、「仕組化を意識した、継続性のある小規模システム」！データの加工から可視化・機械学習モデルの構築と評価、レポーティングの実施。最終的には、継続的なデータ更新を想定した「機械学習システム」を構築！データ加工（Ｐａｎｄａｓ）／可視化（Ｍａｔｐｌｏｔｌｉｂ、ｓｅａｂｏｒｎ、ＯｐｅｎＰｙＸＬ）／機械学習（ｓｃｉｋｉｔ-ｌｅａｒｎ）を練習。現場で活きるデータ活用！,9784798063416,2020年12月01日頃,2640,単行本,001006008002/001006018002,0,0.0
Pythonによる計量経済学入門,中妻 照雄,朝倉書店,,9784254128994,2020年11月09日頃,3740,全集・双書,001006001003,0,0.0
いちばんやさしいPythonの教本 第2版 人気講師が教える基礎からサーバサイド開発まで,鈴木たかのり;株式会社ビープラウド,インプレス,,9784295009856,2020年08月24日頃,2420,,001005017,0,0.0
すぐに使える！業務で実践できる！PythonによるAI・機械学習・深層学習アプリ,クジラ飛行机/杉山陽一,ソシム,,9784802611640,2018年07月,3520,単行本,001005017,2,5.0
Python Django 3 超入門,掌田津耶乃,秀和システム,いますぐはじめたい人へ！手を動かしながらおぼえるＤｊａｎｇｏ入門。巻末おまけ、初心者も安心のＰｙｔｈｏｎ超入門も収録。,9784798061924,2020年06月13日頃,3520,単行本,001012010001/001012010,0,0.0
新・明解Pythonで学ぶアルゴリズムとデータ構造,柴田 望洋,SBクリエイティブ,すべてのＰｙｔｈｏｎプログラマに贈る！アルゴリズムとデータ構造入門書の最高峰！！豊富なプログラム１３６編と分かりやすい図表２１３点でアルゴリズムとデータ構造の基礎をマスターして、問題解決能力を身につけよう。（社）日本工学教育協会著作賞受賞。,9784815603199,2020年01月14日頃,2640,単行本,001005017,0,0.0
Fluent Python,Luciano Ramalho/豊沢 聡,オライリー・ジャパン,一歩先行くパイソニスタを目指す人のためのＰｙｔｈｏｎ解説書。Ｐｙｔｈｏｎはシンプルです。使い方を覚えるのも簡単で生産性を短期間で高めることができます。しかしこれは、Ｐｙｔｈｏｎに備わっている豊富な機能のほんの一部しか使っていないということでもあります。本書では、とても有用なのにあまり使われていないＰｙｔｈｏｎの特徴的な機能を活用し効果的で慣用的なＰｙｔｈｏｎコードを書く方法について解説します。読者は、Ｐｙｔｈｏｎｉｃな思考とコーディング手法を身につけ、コードをより短く、より強く、より読みやすくする方法を学べます。本書では、どうすれば熟練のＰｙｔｈｏｎ　３プログラマーになれるのかを徹底的に追及します。,9784873118178,2017年10月07日頃,6380,単行本,001005017,0,0.0
ゼロからやさしくはじめるPython入門,クジラ飛行机,マイナビ出版,プログラミング初心者でも安心のていねい解説。「できた！」を積み重ねて楽しく学べるカリキュラム。ゲームや機械学習で「作れた！」達成感を味わおう。,9784839964696,2018年01月30日頃,2541,単行本,001005017,0,0.0
Python［基礎編］ワークブック,滝澤成人/酒井雅裕,カットシステム,,9784877838379,2018年05月,990,単行本,001005017,0,0.0
Pythonプロフェッショナルプログラミング第3版,株式会社ビープラウド,秀和システム,更に進化するＰｙｔｈｏｎのシステム開発技法！Ｇｉｔ及びＧｉｔＨｕｂによるソースコード管理。ＣｉｒｃｌｅＣＩで継続的インテグレーション。機械学習プロジェクトの開発ノウハウ。第３版で初登場！！,9784798053820,2018年06月12日頃,3080,単行本,001005017,2,4.5
ゲーム作りで学ぶPython,日向俊二,カットシステム,テキストベースの単純なゲームからグラフィックスやサウンドを活用したゲームまで、いろいろなプログラム例にあたってＰｙｔｈｏｎの基礎や重要な概念を学べます。,9784877834579,2019年08月,2200,単行本,001005017,0,0.0
なんでもPythonプログラミング　平林万能IT技術研究所の奇妙な実験,平林純,技術評論社,音と光の実験、画像解析、Ａｕｇｍｅｎｔｅｄ　Ｒｅａｌｉｔｙ（拡張現実）、流体力学、運動方程式、科学とプログラミングで遊ぼう！,9784297116378,2020年10月01日頃,2618,単行本,001005017,0,0.0
Pythonデータベースプログラミング入門,日向俊二,カットシステム,,9784877834623,2019年02月,2640,単行本,001005005001,0,0.0
パーフェクト Python ［改訂2版］,露木 誠／小田切 篤／大谷 弘喜,技術評論社,Ｐｙｔｈｏｎ３．８対応！Ｐｙｔｈｏｎのセオリーを徹底解説。言語仕様や思想からＷｅｂスクレイピングまで幅広い領域を完全網羅。,9784297112233,2020年06月01日頃,3608,単行本,001005017,0,0.0
統計的機械学習の数理100問 with Python,鈴木 讓,共立出版,,9784320125070,2020年04月27日頃,3300,全集・双書,001005017/001012002,0,0.0
文系でも必ずわかる 中学数学×Python 超簡単プログラミング入門,谷尻かおり（メディックエンジニアリング）,日経BP,中学数学でＰｙｔｈｏｎを極める。プログラミングはやさしい数学から。直線とグラフでＰｙｔｈｏｎを学習。直線がわかれば分析も予測もできる！機械学習、データ分析への第一歩。カンタンな数式でプログラミングを学ぶ。,9784822295974,2020年09月18日頃,2640,単行本,001005005001/001005017,0,0.0
Pythonによるテキストマイニング入門,山内長承,株式会社オーム社,,9784274221415,2017年11月28日頃,2750,単行本,001005017,2,3.0
IPythonデータサイエンスクックブック 第2版,Cyrille Rossant/菊池 彰,オライリージャパン,さらに使いやすく便利になったＪｕｐｙｔｅｒ　Ｎｏｔｅｂｏｏｋで科学技術計算、データ分析、機械学習！広範囲にわたる科学の分野をカバー。圧倒的情報量で「やりたいこと」が必ず見つかる珠玉のレシピ集。,9784873118543,2019年05月25日頃,4620,単行本,001005005011,0,0.0
基礎からわかるPython,坂本俊之,シーアンドアール研究所,Ｐｙｔｈｏｎの基礎はもちろん、外部パッケージを含めた、よく使う機能を丁寧に解説！Ｐｙｔｈｏｎ開発のために押さえておきたいポイントがわかる！Ｐｙｔｈｏｎの入門に最適な１冊！Ｐｙｔｈｏｎ　３．ｘ対応。,9784863542693,2018年12月,2893,単行本,001005017,0,0.0
Pythonポケットリファレンス,柏野雄太,技術評論社,シンプルなサンプルソースコードで機能解説。視覚的に、直感的にわかるコンパクトレイアウト。開発現場ですぐに役立つ実践型リファレンス。関数型プログラミングの概念からＰｙｔｈｏｎ３．０の新機能も解説。,9784774138053,2009年04月,2728,単行本,001005017,6,4.33
PythonとKerasによるディープラーニング,Francois Chollet/株式会社クイープ,マイナビ出版,本書を読むことで、「ディープラーニングとは何か」「適用可能な問題とは」「その限界はどこにある？」を理解できます。,9784839964269,2018年05月28日頃,4268,単行本,001005017,3,4.0
ブラウザだけで学べる シゴトで役立つ やさしいPython入門,掌田津耶乃,マイナビ出版,データ集計、グラフ作成、Ｅｘｃｅｌ連動、スクレイピング、データベース操作、マップ活用。Ｐｙｔｈｏｎで日々の仕事を効率化しよう！,9784839974183,2020年09月24日頃,2618,単行本,001005017,0,0.0
Python超入門,及川　えり子,オーム社,,9784274224942,2020年02月03日頃,2750,単行本,001005017,1,5.0
Learn Python 3 the Hard Way,Zed Shaw/堂阪　真司,丸善出版,本書はバージョン３．６以上のＰｙｔｈｏｎを扱ったプログラミングの入門書です。ｍａｃＯＳ、Ｌｉｎｕｘ、Ｗｉｎｄｏｗｓをサポートし、それぞれのプラットフォームでのインストール手順や落とし穴を取り上げ、初心者向けのいろいろなヒントも提供します。本書の特徴は、注意深く設計された一連の演習を通して徐々にスキルを構築し、より難しい問題に適用していく構成にあり、初心者がより複雑なことを身につけていくのに向いています。また、コピー＆ペーストを禁じ、手を使った入力を前提とする点がもう一つの際だった特徴で、コードを自力で読み書きする力が身につきます。,9784621303283,2019年01月30日頃,3300,単行本,001005017,0,0.0
Pythonライブラリの使い方,松田晃一,カットシステム,,9784877834562,2019年08月,3740,単行本,001005017,0,0.0
Pythonで学ぶあたらしい統計学の教科書,馬場 真哉,翔泳社,基礎理論を飛ばさない推定・検定から統計モデル・機械学習まで。Ｊｕｐｙｔｅｒ　Ｎｏｔｅｂｏｏｋ対応。Ｐｙｔｈｏｎを利用しながら統計学をゼロから学んでいく入門書。日本語・数式・Ｐｙｔｈｏｎコードで同じことを３回説明、単なる記述・説明のための分析ではなく、予測のための分析ができるよう、やや発展的な内容も盛り込んでいる。,9784798155067,2018年04月19日頃,3300,単行本,001012002,3,5.0
動かしながらさくっと身につく今こそホンキで覚えるPython,大津真,ソシム,Ｐｙｔｈｏｎ３対応。まず動かす！次に内容を解説。最初に実行させることで、プログラムの動きをスムーズに理解できます。,9784802611381,2018年03月,2420,単行本,001005017,0,0.0
Marketing Python マーケティング・パイソン 次世代マーケターの実践プログラミング入門（できるビジネス）,高田朋貴;戸澗幸大;西惇宏;丹羽悠斗,インプレス,データ整理、集計、分析、可視化、需要予測、スクレイピング、口コミ分析…、マーケの仕事を自動化！ビジネス成果につながるＰｙｔｈｏｎプログラミング入門書。,9784295008613,2020年09月18日頃,2640,,001006019003,0,0.0
Pythonで動かして学ぶ 自然言語処理入門,柳井 孝介/庄司 美沙,翔泳社,本書は、Ｐｙｔｈｏｎでプログラミングをした経験のある読者が、各種オープンソースソフトウェア（ＯＳＳ）やライブラリを利用して、自然言語処理を行うＷｅｂアプリケーションを作って動かし、自然言語処理を体験するための書籍です。またその中で、自然言語処理に関連するさまざまな概念や手法、簡単な理論についても学ぶことができ、本格的な学習の前段階としても最適です。,9784798156668,2019年01月23日頃,3520,単行本,001005017,2,4.5
自走プログラマー　〜Pythonの先輩が教えるプロジェクト開発のベストプラクティス120,清水川 貴之/清原 弘貴,技術評論社,開発の着実なプロセスが身につく。作りたいものを設計できる。エラーやトラブルに対応できる。プログラミング能力を活かして価値を生み出すための「ソフトウェア開発の地図」。自走できるプログラマーであれば知っているであろういろいろな手法や観点を元に、「プロジェクトの各段階でプログラマーがやること」「その選択をどう判断するのか」「どうコードを実装して実現していくのか」を紹介。一部の最新技術に注目するのではなく、実際のプロジェクトに適用して、プロジェクトを完成させるための指針をまとめた。,9784297111977,2020年02月27日頃,3278,単行本,001005017,3,3.67
Pythonによるアルゴリズムとデータ構造の基礎,永田 武,コロナ社,,9784339029079,2020年05月15日頃,2860,単行本,001005017,1,3.0
Pythonの絵本 Pythonを楽しく学ぶ9つの扉,株式会社アンク,翔泳社,イラスト解説で楽しくわかる。実力派スクリプト言語のエッセンスを素早くマスター。,9784798155135,2018年02月16日頃,1958,単行本,001005017,8,3.25
Scratch 3.0対応版　10才からはじめるプログラミング図鑑,キャロル・ヴォーダマン/山崎 正浩,創元社,小学校でプログラミング教育が必修化！７つのプロジェクトをとおしてプログラムの書き方やゲームの作り方がわかる最高の入門書。この本１冊で「スクラッチ」と「Ｐｙｔｈｏｎ」の２つのプログラミング言語が学べる！,9784422414416,2020年04月28日頃,3080,単行本,001003007,1,5.0
Pythonで学ぶアルゴリズムとデータ構造,辻 真吾/下平 英寿,講談社,現代社会を支える根幹技術をＰｙｔｈｏｎで！ソートやグラフ構造など基本的な内容から、乱択アルゴリズムや数論、ブロックチェーンの仕組みなどの幅広い話題までを解説！Ｐｙｔｈｏｎプログラミングのスキルアップにも最適！,9784065178034,2019年11月28日頃,2640,全集・双書,001005017,2,2.5
マンガでざっくり学ぶPython,著者・監修：クジラ飛行机/シナリオ：バニラ,マイナビ出版,春沢進は、マーケティング系のゼミに所属する大学３年生。ゼミで以前より惹かれていた秋山鈴と同じグループになり、一緒に課題に取り組むことに。お調子者の進は、鈴にかっこいいところを見せようと、少しだけ自信のあるパソコンスキルでがむしゃらに課題を進める。そして、家庭教師先の生徒である中学生の天美から、「プログラミングで解決したほうがＣｏｏｌだよ！」と言われ、Ｐｙｔｈｏｎを始める。しかし肝心の鈴は、心ここにあらずの様子。進は、Ｐｙｔｈｏｎで鈴を振り向かせることができるのか…！？,9784839970529,2020年07月28日頃,1749,単行本,001005017,1,4.0
たのしくまなぶPythonゲームプログラミング図鑑,キャロル・ヴォーダマン/山崎 正浩,創元社,２０２０年に小学校で、２０２１年に中学校で、２０２２年に高校でプログラミング教育が始動・本格化！さまざまなタイプの９つのゲーム作りを通して、プログラミングの基本を身につけよう。,9784422414362,2019年10月29日頃,3080,単行本,001005005001/001005017,0,0.0
Pythonによるプログラミング,小林　郁夫/佐々木　晃,オーム社,,9784274223570,2019年08月04日頃,2970,単行本,001005017,1,0.0
あなうめ式Pythonプログラミング超入門,大津 真,エムディエヌコーポレーション,読む＋解くでしっかり身につく！あなうめ問題を解きながら、いちばん大切なプログラミング力を育てる！！基礎から身につく。手を動かして学べる。初心者歓迎！,9784844369592,2020年05月22日頃,1980,,001005017,0,0.0
OD＞PythonでGUIをつくろう,浅野一雄,インプレスR＆D,,9784844398776,2019年01月,1980,単行本,001005005011,1,4.0
コーディング フォー ビギナーズ PYTHON,ルーイ・ストウェル/ロージー・ディキンズ,日経BP,プログラミングの初心者でも楽しみながらＰｙｔｈｏｎを学べます。手順を細かく分けて、ていねいに説明。書いてある通りにやるだけでＰｙｔｈｏｎもプログラミングの基礎も身に付きます。専門用語は知らなくてＯＫ！プログラミングが初めてでも最初から楽しめます。対象年齢１０歳以上。,9784822254551,2018年10月27日頃,1980,絵本,001003003001/001003006/001005017,1,3.0
世界でいちばん簡単なPythonプログラミングのe本 ［Anaconda/Jupyter対応 第2版］,金城俊哉,秀和システム,この１冊でアプリ作成の手順がしっかりわかります！イラスト付きの楽しい誌面で、作りながらプログラミングの基礎が身に付きます。,9784798061870,2020年05月30日頃,1760,単行本,001005017,0,0.0
基本情報午後・Python＆アルゴリズム,川上貴大,秀和システム,出題傾向を分類・分析！苦手なアルゴリズムを徹底解説！はじめてのＰｙｔｈｏｎでも基礎から学べる！だからわかる！高配点の「言語とアルゴリズム」で午後試験突破！,9784798059303,2020年03月,1650,単行本,001016011004/001016011,0,0.0
実践Data　Scienceシリーズ　PythonではじめるKaggleスタートブック,石原 祥太郎/村田 秀樹,講談社,初学者向けのＫａｇｇｌｅ入門書の決定版。Ｋａｇｇｌｅで勝つ準備をしよう！！サンプルコードの詳細な解説があるから、しっかり身につく！優勝チームと専業Ｋａｇｇｌｅｒのコンビによる、安定のわかりやすさ！,9784065190067,2020年03月19日頃,2200,単行本,001005017,5,4.8
データ分析者のためのPythonデータビジュアライゼーション入門 コードと連動してわかる可視化手法,小久保 奈都弥,翔泳社,本書は、Ｐｙｔｈｏｎのライブラリを利用して、分析したデータをビジュアライゼーションする手法を解説した書籍です。ビジュアライゼーションする時に必要な考え方と、基本的なビジュアライゼーション手法を解説。地図上に表現する方法やワードクラウド、インフォグラフィック的な要素を取り入れた手法も紹介します。,9784798163970,2020年08月06日頃,2640,単行本,001005017,1,3.0
現場で使える！Python深層学習入門 Pythonの基本から深層学習の実践手法まで,木村 優志,翔泳社,本書は、深層学習の開発環境の準備とＰｙｔｈｏｎの基本、深層学習の基本、そして実際の現場での利用方法について解説した書籍です。ニーズの高い、深層学習を利用した画像処理の開発手法を解説しています。最終章では転移学習という手法を用いた画像認識モデルの作成と、Ｇｏｏｇｌｅ　Ｃｌｏｕｄ　Ｐｌａｔｆｏｒｍ（ＧＣＰ）にデプロイする手法を解説しています。,9784798150970,2019年06月20日頃,3520,単行本,001005017,1,1.0
Pythonによる数値計算とシミュレーション,小高　知宏,株式会社オーム社,,9784274221705,2018年01月16日頃,2750,単行本,001012002,1,0.0
OpenCVとPythonによる機械学習プログラミング,Michael Beyeler/池田聖,マイナビ出版,ＯｐｅｎＣＶ＋ｓｃｉｋｉｔ-ｌｅａｒｎで機械学習プログラミングを実践マスター。統計的学習の本質的概念、決定木、サポートベクタマシン、ベイズ学習など様々なアルゴリズムとＯｐｅｎＣＶを組み合わせて使う方法を解説！,9784839965303,2018年08月29日頃,3938,単行本,001005017,0,0.0
pandasクックブック,Theodore Petrou/黒川 利明,朝倉書店,ｐａｎｄａｓのデータ構造の基本から実践的なデータ整理・抽出法、ｍａｔｐｌｏｔｌｉｂ／ｓｅａｂｏｒｎを使った可視化までデータ分析、科学計算に活かせる９８のレシピ。,9784254122428,2019年02月08日頃,4620,単行本,001005017,1,5.0
化学のためのPythonによるデータ解析・機械学習入門,金子　弘昌,オーム社,,9784274224416,2019年10月23日頃,3520,単行本,001012010005/001012016,1,5.0
ゼロからわかるPython超入門,佐藤美登利,技術評論社,プログラミングがわかる・書ける・体験できる。この１冊でＰｙｔｈｏｎをしっかりマスターしよう！,9784774198309,2018年07月,2618,単行本,001005005011,0,0.0
Pythonスクレイピングの基本と実践,Seppe　vanden　Broucke/Bart　Baesens,インプレス,基本からベストプラクティス、実例までデータサイエンスの教授が解説！ＨＴＴＰ／ＨＴＭＬ／ＣＳＳといった基本技術の仕組み、フォーム／ログイン／Ｃｏｏｋｉｅ／ＪａｖａＳｃｒｉｐｔへの対応、クローラーの開発、データサイエンス指向の事例まで収録。,9784295005285,2018年12月,3630,単行本,001005005011/001012010001,0,0.0
データサイエンスのための統計学入門 第2版,Peter Bruce/Andrew Bruce,オライリー・ジャパン,データサイエンスにおいて重要な統計学と機械学習に関する５２の基本概念と関連用語について、簡潔な説明とその知識の背景となる最低限の数式、グラフ、ＲとＰｙｔｈｏｎのコードを提示し、多面的なアプローチにより、深い理解を促します。データの分類、分析、モデル化、予測という一連のデータサイエンスのプロセスにおいて統計学の必要な項目と不必要な項目を明確にし、統計学の基本と実践的なデータサイエンス技法を効率よく学ぶことができます。データサイエンス分野における昨今のＰｙｔｈｏｎ人気を反映し、第１版ではＲのみの対応だったコードが、今回の改訂でＰｙｔｈｏｎにも対応。コードはすべてＧｉｔＨｕｂからダウンロード可能です。,9784873119267,2020年11月09日頃,3520,単行本,001012002,0,0.0
いちばんやさしいPython機械学習の教本,鈴木たかのり/降籏洋行,インプレス,機械学習の仕組みから周辺技術まで、豊富な図解と実践的なサンプルで学べます。ｂｏｔに機能を追加しながら進むため、機械学習の基礎を楽しく学べます。勘違いしやすい箇所は講師がフォロー。ワークショップ感覚で読み進められます。,9784295006411,2019年06月,2860,単行本,001005017,1,0.0
確かな力が身につくPython「超」入門,鎌田正浩,SBクリエイティブ,楽しいサンプル、わかりやすい例えとイラスト。トコトン丁寧な解説で、きほんの「き」からしっかり学べます。まったくのプログラミング未経験でも大丈夫。画面に打ち込む最初の１文字から、とにかくやさしく付き添います。,9784797384406,2016年03月17日頃,2728,単行本,001005017,7,4.0
現場で使える！Python深層強化学習入門 強化学習と深層学習による探索と制御,伊藤 多一/今津 義充,翔泳社,ＡｌｐｈａＧｏ（アルファ碁）でも利用されている深層強化学習。ＡＩサービスのみならずロボティクス分野でもその応用が期待されています。本書は、ＡＩ開発に携わる第一線の著者陣が深層強化学習の開発手法について書き下ろした注目の１冊です。,9784798159928,2019年08月07日頃,3740,単行本,001005017,1,3.0
Pythonではじめる教師なし学習,Ankur A. Patel/中田 秀基,オライリー・ジャパン,教師なし学習はラベル付けされていないデータから学習する機械学習の一種です。現在の機械学習では大量のラベル付きのデータを用いる教師あり学習が主流ですが、ラベルを付けるには膨大なコストがかかります。現実世界に機械学習を適用していくためには、ラベル付けを必要としない教師なし学習の重要性が増してくると考えられます。本書は実践的な視点から、データにある隠れたパターンを特定し、異常検出や特徴量抽出・選択を行う方法を紹介します。ラベルなしデータを有効に利用することで、機械学習の可能性を各段に広げる教師なし学習の本質に迫ります。さらに、変分オートエンコーダ（ＶＡＥ）や敵対的生成ネットワーク（ＧＡＮ）、制限付きボルツマンマシン（ＲＢＭ）などの生成モデルも紹介します。,9784873119106,2020年04月13日頃,3960,単行本,001005005011/001005017,0,0.0
Pythonで体験してわかるアルゴリズムとデータ構造,西澤 弘毅/森田　光,近代科学社,アルゴリズムとデータ構造を１５の課題に絞り、各々の章の前半で原理と事例によって理解を促し、後半でＰｙｔｈｏｎ言語をベースにプログラムで確認する。,9784764905702,2018年06月30日頃,2640,単行本,001005017,2,3.0
いちばんやさしいPythonの教本,鈴木たかのり/杉谷弥月,インプレス,はじめて学ぶ人でも安心！オールカラーでコードを丁寧に解説。小さなプログラムで基本を学んで最後は実践的なプログラムを完成させる！勘違いしやすい箇所は講師がフォロー！ワークショップ感覚で読み進められる。,9784295002086,2017年08月,2420,単行本,001005017,8,4.0
Pythonで学ぶはじめてのAIプログラミング,小高　知宏,オーム社,,9784274225963,2020年09月23日頃,2970,単行本,001005017,0,0.0
Pythonによる数理最適化入門,久保幹雄/並木誠,朝倉書店,,9784254128956,2018年04月09日頃,3520,全集・双書,001012002,1,4.0
Pythonによる医用画像処理入門,藤田 広志/上杉 正人,オーム社,,9784274225468,2020年04月06日頃,3740,単行本,001028001012,1,0.0
世界標準MIT教科書　Python言語によるプログラミングイントロダクション第2版,ジョン V グッターク/久保 幹雄,近代科学社,ＭＩＴで人気Ｎｏ．１の講義テキスト！大幅な内容追加を受けて日本語第２版が登場！！ＭＩＴ　ＯＣＷとｅｄＸのビデオでも大人気。初版からコードを刷新、最新のＰｙｔｈｏｎ３に対応。,9784764905184,2017年09月01日頃,5060,単行本,001005005011,2,4.5
R・Pythonによる　統計データ科学,杉山高一/藤越康祝,勉誠出版,統計の基本的な考え方がよくわかるーＲ・Ｐｙｔｈｏｎによるプログラム付き。実際のデータ・例題を用いて、考え方の本質がわかるように解説。統計フリーソフトＲと人気のプログラミング言語Ｐｙｔｈｏｎを用いて、具体的なデータの分析法やグラフの書き方をレクチャー。モデル選択法、ブートストラップ法など、他の教科書にない実用的な内容もやさしく記述。,9784585240112,2020年01月31日頃,2970,単行本,001012002,0,0.0
これ以上やさしく説明できない ！Pythonはじめの一歩,西晃生,ナツメ社,プログラミングの基本となる、データ型、構文、関数などをていねいに解説！,9784816365577,2018年12月06日頃,3080,単行本,001005017,1,0.0
Pythonで理解する統計解析の基礎,辻真吾/谷合廣紀,技術評論社,統計解析を学びたいと考える方に向けて、データを確認しながら学習できる新時代の入門書。複雑な計算やグラフの描画が簡単にできるＰｙｔｈｏｎをフル活用。,9784297100490,2018年10月,3278,単行本,001005005011/001012002,1,4.0
実用的でないPythonプログラミング,Lee Vaughan/高島 亮祐,共立出版,,9784320124615,2020年08月12日頃,4290,単行本,001005017,2,3.5
詳解　確率ロボティクス　Pythonによる基礎アルゴリズムの実装,上田 隆一,講談社,赤裸々な上田節による丁寧な解説は、まさにバイブル。Ｊｕｐｙｔｅｒ　Ｎｏｔｅｂｏｏｋ対応だから、すぐに実践できる。,9784065170069,2019年10月27日頃,4290,単行本,001012010001/001012010003,1,0.0
Pythonでいかにして暗号を破るか 古典暗号解読プログラムを自作する本,Al Sweigart/IPUSIRON,ソシム,秘密のメッセージを作成、送信するために使われる暗号アルゴリズムを作ったり解読したりしながら、Ｐｙｔｈｏｎでプログラミングする方法を学ぶ。Ｐｙｔｈｏｎプログラミングの基本講習のあとで、転置式暗号やヴィジュネル暗号のような古典暗号を使ってテキストを暗号化するプログラムを作成する方法、検証する方法、ハッキングする方法。逆暗号やシーザー暗号のためのシンプルなプログラムから始め、電子署名や、電子メール、ビットコインを含む今日のオンライン取引の安全性を確保するために使われる暗号化形式である、公開鍵暗号までを学習。,9784802612166,2020年12月23日頃,3960,単行本,001005017,0,0.0
Pythonによるベイズ統計モデリング,Osvaldo Martin/金子 武久,共立出版,確率プログラミングのライブラリＰｙＭＣ３を使ったベイズ統計モデリングの基本をシンプルなデータを使って実践的に解説。次のことが学べます。「ベイズ統計モデリングの概念を理解する」「ＰｙＭＣ３を使って統計モデルを構築する」「モデルの健全性をチェックし、必要に応じてモデルを修正する」「モデルに階層構造を組み入れて、階層モデルを活用する」「回帰分析を使って、目的としている連続的な結果変数を予測する」,9784320113374,2018年06月22日頃,3960,単行本,001005005001/001012002,0,0.0
Pythonデータエンジニアリング入門,橋本 洋志/牧野 浩二,オーム社,データエンジニアリングは、データサイエンスを現実に意味のある形に使えるようにし、実装・運用できるようにすることです。データサイエンスを機器や分析に実応用するためには、Ｐｙｔｈｏｎスクリプトの高速化の知識や、センサ信号の取得、アクチュエータ制御に必須となる通信、インタフェース駆動といった外部デバイスとのデータアクセスの基本と応用についてのスキルの修得が必要となります。本書は、データをエンジニアリングするための入門的な知識を解説するものです。,9784274225345,2020年04月27日頃,3960,単行本,001005017,0,0.0
Pythonによる ベイズ統計学入門,中妻 照雄,朝倉書店,,9784254128987,2019年04月26日頃,3740,全集・双書,001005005011/001012002,1,0.0
Pythonでつくる対話システム,東中 竜一郎/稲葉 通将,オーム社,Ｐｙｔｈｏｎプログラミングとフリーソフトで人と対話するＡＩをつくる！Ｐｙｔｈｏｎによる実装からＡｍａｚｏｎ　Ａｌｅｘａ／Ｇｏｏｇｌｅ　Ｈｏｍｅとの連携まで解説。,9784274224799,2020年03月02日頃,2970,単行本,001005017,0,0.0
Python基礎ドリル穴埋め式,Grodet Aymeric/松本 翔太,オーム社,Ｐｙｔｈｏｎの基礎力を問う本。素直な問題、ひねった問題、ひっかけ問題、全９９問。,9784274225154,2020年04月13日頃,1980,単行本,001005017,0,0.0
つなげば動く！ Pythonふりがなプログラミング パターン文例80,リブロワークス,インプレス,,9784295009207,2020年07月22日頃,2420,,001005017,0,0.0
PythonユーザのためのJupyter［実践］入門,池内孝啓/片柳薫子,技術評論社,データ分析に必須のツールＪｕｐｙｔｅｒ　Ｎｏｔｅｂｏｏｋを徹底解説。ｐａｎｄａｓを使ったデータ加工や集計可視化について学べる。ＭａｔｐｌｏｔｌｉｂとＢｏｋｅｈを詳解。グラフ作成例を豊富に掲載。,9784774192239,2017年09月,3630,単行本,001005005006,3,2.0
改訂版　Pythonユーザのための Jupyter［実践］入門,池内 孝啓、片柳 薫子、@driller,技術評論社,ＪｕｐｙｔｅｒＬａｂの使い方とデータの分析・可視化を徹底解説！データ分析の必須ツール、ＪｕｐｙｔｅｒＬａｂの基本から応用まで。ｐａｎｄａｓによるデータの集計・加工・可視化ノウハウ。Ｍａｔｐｌｏｔｌｉｂとｓｅａｂｏｒｎによる効果的なグラフ作成。,9784297115685,2020年08月24日頃,3608,単行本,001005017,0,0.0
Pythonで学ぶ線形代数学,塚田 真/金子　博,オーム社,,9784274225338,2020年04月20日頃,3520,単行本,001012002,0,0.0
現場で使える！Python自然言語処理入門,赤石 雅典/江澤 美保,翔泳社,本書は、Ｐｙｔｈｏｎを利用して、人工知能分野で注目されている自然言語の分析手法を解説した書籍です。従来技術と新技術を比較しつつ、「インデックス化」「エンティティ抽出」「関係抽出」「構文解析」「評価・感情・概念分析」を網羅。Ｐｙｔｈｏｎによるプログラムや、ＡＰＩの利用、商用サービス（ＩＢＭ　Ｗａｔｓｏｎ）やＯＳＳ（ＭｅＣａｂ／Ｅｌａｓｔｉｃｓｅａｒｃｈ／Ｗｏｒｄ２Ｖｅｃ）の利用など、実践的な手法を解説します。また最終章で話題のＢＥＲＴについて解説します。,9784798142685,2020年01月20日頃,3520,単行本,001005017,1,4.0
Pythonによるデータマイニングと機械学習,藤野 巌,オーム社,,9784274224126,2019年08月24日頃,3520,単行本,001005017,1,3.0
Pythonで動かして学ぶ！あたらしい深層学習の教科書 機械学習の基本から深層学習まで,株式会社アイデミー 石川 聡彦,翔泳社,本書は株式会社アイデミーで大人気の講座『ディープラーニングで画像認識モデルを作ってみよう！』を書籍化したものです。機械学習の基本からはじまり、Ｐｙｔｈｏｎの基礎、データの処理、教師あり学習、深層学習の基本から応用について、サンプルを元に実際に動かしながら、わかりやすく解説します。各項には練習問題がありますので、学習効果を確かめながら読み進めることができます。本書を読めば、機械学習から深層学習の基本を一気通貫で学習できます。,9784798158570,2018年10月22日頃,3520,単行本,001005017,1,0.0
現場で使える！Python機械学習入門 機械学習アルゴリズムの理論と実践,大曽根 圭輔/関 喜史,翔泳社,本書は、機械学習の基本と実践手法について解説した書籍です。機械学習の開発環境の準備、実際の現場での利用方法、そしてブラックボックス化しがちな理論部分もしっかりフォローしています。データ集計・整形と組み合わせた機械学習モデルの利用方法も解説しています。対象読者は人工知能関連の開発に携わる開発者、研究者。本書は、第１章では、機械学習を行う上で必要となる環境構築と機械学習に必要なＰｙｔｈｏｎの基本について解説しています。第２章では、教師あり学習と教師なし学習についてサンプルをもとに解説します。第３章では、教師あり学習と教師なし学習に関連する機械学習モデルについて解説しています。主要な機械学習モデルの理論を数式と絡めて説明し、その理論をもとにしたＰｙｔｈｏｎにおけるコーディング手法を説明しています。第４章では、データの集計、整形方法と実際の機械学習モデルへの利用方法について解説しています。,9784798150963,2019年05月24日頃,3520,単行本,001005017,0,0.0
Pythonクックブック第2版,アレックス・マーテリ/アンナ・マーテリ・レベンスクロフト,オライリー・ジャパン,この本は、Ｐｙｔｈｏｎそのものを教えようとする本ではなく、特定のタスクに対応するための特定の概念やテクニックを（ときにトリックも）示したものである。収録したレシピは、初歩的で一般性の高いタスクから、高度、あるいは専門的なタスクまで、最上のテクニックを示している。あなたのＰｙｔｈｏｎレベル、もっと一般的に言えばプログラミングスキルが、どの程度のものであるにせよ、この本から何らかの価値あるものを得ていただけると信じるものである。-Ｐｙｔｈｏｎコミュニティの英知を集めた実践的なコードを収録。Ｐｙｔｈｏｎを使いこなすための決定版。,9784873112763,2007年06月,4620,単行本,001005017,5,4.0
Pythonではじめる数学の冒険,Peter Farrell/鈴木幸敏,オライリー・ジャパン,数学を８年間、コンピュータサイエンスを３年間教えたことのある著者が、自らの経験に基づき、これからの時代に必要な数学とプログラミングの能力を身につけてもらいたいと筆をとった意欲作。定義や命題から入る伝統的なアプローチではなく、プログラミングによる視覚的アプローチで直感的な理解を促します。数学の視点からプログラミングを眺め、また逆にプログラミングの視点から数学を眺めることで、退屈な計算問題は、さまざまな工夫が可能なプログラミングの課題になり、プログラミングの文法は、数学の問題を解く上での強力な武器となり、それぞれの新たな魅力に気づかされるきっかけとなります。代数、幾何学、三角関数などの高校レベルの数学を使った数多くの例題を盛り込み、実際にＰｒｏｃｅｓｓｉｎｇでＰｙｔｈｏｎプログラムを動かしながら、ＡＩ時代に求められる数学の能力を磨いていきます。,9784873119304,2020年11月16日頃,3300,単行本,001012002,0,0.0
Pythonクックブック第2版,アレックス・マーテリ/アンナ・マーテリ・レベンスクロフト,オライリー・ジャパン,この本は、Ｐｙｔｈｏｎそのものを教えようとする本ではなく、特定のタスクに対応するための特定の概念やテクニックを（ときにトリックも）示したものである。収録したレシピは、初歩的で一般性の高いタスクから、高度、あるいは専門的なタスクまで、最上のテクニックを示している。あなたのＰｙｔｈｏｎレベル、もっと一般的に言えばプログラミングスキルが、どの程度のものであるにせよ、この本から何らかの価値あるものを得ていただけると信じるものである。-Ｐｙｔｈｏｎコミュニティの英知を集めた実践的なコードを収録。Ｐｙｔｈｏｎを使いこなすための決定版。,9784873112763,2007年06月,4620,単行本,001005017,5,4.0
逆引きPython標準ライブラリ,大津真/田中賢一郎,インプレス,文字列／データ操作、テキスト処理、ファイル操作、数値演算、ネットワークアクセス、ＧＵＩなど、使えるテクニック満載。,9784295003106,2018年02月,3300,単行本,001005017,1,3.0
Python計算機科学新教本,David Kopec/黒川 利明,オライリージャパン,昔からある定番アルゴリズムと、機械学習・深層学習アルゴリズムを学び本物の問題解決能力とプログラミングスキルを身につける！Ｐｙｔｈｏｎ３．７対応。型ヒント全面採用。,9784873118819,2019年06月26日頃,3300,単行本,001005005011/001005017,1,3.0
つくりながら学ぶ! Pythonによる因果分析,小川雄太郎,マイナビ出版,因果推論はなんらかの施策を実施した際に、その施策の効果を推定する手法です。因果探索はアンケート調査等で収集した各項目間の因果関係を明らかにする試みです。それぞれのテーマをさらに詳しく分析するための機械学習・ディープラーニング活用まで、実際に手を動かしながら習得できる内容です。,9784839973575,2020年07月01日頃,3168,単行本,001012002,0,0.0
機械学習スタートアップシリーズ　Pythonで学ぶ強化学習　［改訂第2版］　入門から実践まで,久保 隆宏,講談社,Ｐｙｔｈｏｎプログラミングとともに、ゼロからていねいに解説。コードが公開されているから、すぐ実践できる。実用でのネックとなる強化学習の弱点と、その克服方法まで紹介。,9784065172513,2019年09月22日頃,3080,単行本,001005017/001012002,1,4.0
Pythonで学ぶ統計的機械学習,金森敬文,オーム社,,9784274223051,2018年11月30日頃,3080,単行本,001005017,0,0.0
たのしいプログラミングPythonではじめよう！,ジェイソン・R．ブリッグス/磯蘭水,オーム社,,9784274069444,2014年02月,3080,単行本,001005017,3,5.0
Pythonによるファイナンス入門,中妻照雄,朝倉書店,,9784254128949,2018年02月15日頃,3080,全集・双書,001006024,0,0.0
Pythonからはじめる数学入門,AmitSaha/黒川利明,オライリー・ジャパン,Ｐｙｔｈｏｎは書きやすくて読みやすい、使うのが楽しいプログラミング言語です。本書では、学生や生徒、プログラミングの初心者が、数学の問題を具体的に解く楽しみをＰｙｔｈｏｎを用いて体験します。方程式の解を求めたり、統計や確率を計算したり、放物線運動をプロットしたり、フラクタル図形を描いたり、フィボナッチ数と黄金比の関係を探ったりします。同時に、ｍａｔｐｌｏｔｌｉｂとＳｙｍＰｙの使い方も学びます。数学とプログラミングの両方の知識と技術を身につけることができる、まさに一石二鳥の一冊です。,9784873117683,2016年05月21日頃,3080,単行本,001012002,5,4.0
Pythonハッカーガイドブック,Julien Danjou/株式会社クイープ,マイナビ出版,言語をより深く理解し、達人の経験に学び、一歩進んだＰｙｔｈｏｎスキルを身に付ける！マルチスレッドやメモ化といった高度なトピックを幅広くカバーし、ＡＰＩの設計やデータベースの扱いなど、言語自体をより深く理解するためにＰｙｔｈｏｎの内部を学びます。また、プロジェクトの開始方法から始めて、バージョン管理、コーディングスタイル、自動チェックなどのトピックについて解説します。配布用にソフトウェアをパッケージ化する方法、パフォーマンスを最適化する方法、適切なデータ構造を使用する方法、関数を効率的に定義する方法、適切なライブラリを選択する方法についても学習します。さらに、効果的なデコレータとメソッド（抽象メソッド、静的メソッド、クラスメソッドなど）の作成と使用、ジェネレータや純粋関数を使用した関数プログラミング、抽象構文ツリー（ＡＳＴ）による洗練された自動チェックを導入する方法、動的パフォーマンス分析を適用してコード内のボトルネックを特定する方法、ＰｏｓｔｇｒｅＳＱＬを使用してデータを効率的に管理する方法も取り上げます。,9784839968687,2020年05月29日頃,2992,単行本,001005017,1,3.0
Pythonプログラミングのツボとコツがゼッタイにわかる本,Shannon Lab株式会社,秀和システム,Ｐｙｔｈｏｎプログラミングの基本をゲーム作りを通して学ぼう！ブラックジャックゲームで今話題の“機械学習”も体験！,9784798048680,2016年12月22日頃,2970,単行本,001005017,2,3.0
TECHNICAL MASTER はじめてのPython エンジニア入門編 Python3対応,松浦 健一郎/司 ゆき,秀和システム,きちんと学びたい人のための最短教科書。Ｐｙｔｈｏｎ開発者に求められる言語、ツール、ライブラリなどの知識を１冊で素早く学べます。,9784798058320,2019年05月25日頃,2860,単行本,001005017,0,0.0
ディープラーニング入門,津田博史/嶋田康史,朝倉書店,ＤＮＮ、ＣＮＮ、ブースティング木、ＳＶＭ、ランダムフォレスト、ディープフォレスト…。近年目覚ましく発展する人工知能の基幹技術である機械学習。その理論とＰｙｔｈｏｎによる実装、そしてＦｉｎＴｅｃｈとしての活用例＝金融データ解析を解説。初学者のために、Ｗｉｎｄｏｗｓ／Ｍａｃ／Ｌｉｎｕｘそれぞれでの環境構築も具体的に紹介。,9784254275834,2018年06月04日頃,3960,全集・双書,001006024,1,3.0
Pythonで学ぶ実践画像・音声処理入門,伊藤克亘/花泉弘,コロナ社,,9784339009026,2018年04月,2750,単行本,001012010001,0,0.0
Pythonではじめるデータラングリング,Jacqueline Kazil/Katharine Jarmul,オライリー・ジャパン,データを自由自在に操る！データの収集・獲得から前処理、分析、プレゼンテーションまで、データに関するさまざまな知識とテクニックを網羅。Ｐｙｔｈｏｎ３対応。,9784873117942,2017年04月26日頃,4070,単行本,001012002,1,4.0
Pythonと実例で学ぶ機械学習,福井健一,オーム社,機械学習は計算機に学習能力をもたせる数理技術です。本書では、Ｐｙｔｈｏｎによる実装例を解説するとともに機器の異常検知と系列データの識別の実例を通じて機械学習利活用の理解を深めます。,9784274222788,2018年11月28日頃,2640,単行本,001005017,2,0.0
これからのロボットプログラミング入門　Pythonで動かすMINDSTORMS　EV3,上田 悦子/小枝 正直,講談社,,9784065186183,2020年02月28日頃,2640,単行本,001005005001/001012010001,0,0.0
【POD】Nuxt.jsとPythonで作る！ぬるさくAIアプリ開発入門,深野 嗣/高山 和幸,インプレスR&D,データ分析からＡＩアプリ開発まで優しく解説！,9784844378129,2020年02月03日頃,2640,単行本,001005005011/001005017,1,3.0
わかるPython［決定版］,松浦 健一郎/司 ゆき,SBクリエイティブ,今日からはじめるＰｙｔｈｏｎプログラミング！知識ゼロからとことんわかる実践的な本格的入門書、ついに登場！,9784797395440,2018年05月23日頃,2618,単行本,001005017,0,0.0
Pythonで学ぶWAVプログラミング,北山洋幸,カットシステム,Ｐｙｔｈｏｎの音を扱うモジュールを利用し初級者向けに表示、ハイレゾ、リサンプリング、ＦＦＴなどの使えるサンプルを解説。,9784877834777,2020年08月,4400,単行本,001012010001,0,0.0
ゲーム開発ではじめるPython3,大西　武,工学社,自動車ゲーム、ジャンプゲーム、ＲＰＧ風、蛇ゲーム、共通点を探せ！５つのミニゲームを作りながら「Ｐｙｔｈｏｎ３」をマスター！,9784777521210,2020年09月23日頃,1980,単行本,001005017,0,0.0
初めてのPython第3版,マーク・ルッツ/夏目大,オーム社,Ｐｙｔｈｏｎは世界中で広く使用されているオブジェクト指向言語で、スタンドアロンプログラムにも、様々な種類のスクリプトにも利用できます。豊富な機能を備えている一方で、非常に使いやすく、無料で入手できる、ポータブルである、といった特徴も備えています。本書は、プログラミングそのものが初めての人から、他の言語で経験を積んでいる人まで、どちらの人にもＰｙｔｈｏｎという言語の基本を比較的短い時間で学べるように作られています。本書を読めば、どのような種類のアプリケーションを作るにしても、必要な知識や技術が十分に身に付くようになっています。第３版はＰｙｔｈｏｎ言語の変化への対応を中心に改訂され、Ｐｙｔｈｏｎ３．０を含めた新しいバージョンでの変更点についての解説を加えるとともに、将来新しいバージョンへ移行する際に役立つ情報も盛り込みました。Ｐｙｔｈｏｎの基礎を余すところなく解説するＰｙｔｈｏｎ入門書の決定版です。,9784873113937,2009年02月,5060,単行本,001005017,9,4.22
Python　10行プログラミング,大澤文孝,工学社,「ライブラリ」「インターネットサービス」と「Ｐｙｔｈｏｎ」を使って、手間のかかる作業を１０行のプログラムで簡単に実現！たとえば、「Ｗｅｂサイトのキャプチャを自動的に撮影」「Ｇｏｏｇｌｅカレンダーの予定を一覧形式にする」など、便利なプログラムを２０点以上、解説。こうした便利なプログラムは、もちろん実用的に使えますが、楽しくプログラミングでき、「Ｐｙｔｈｏｎプログラミング」応用の第一歩としても、役立ちます。,9784777520572,2018年08月,2090,単行本,001005017,0,0.0
プログラマを育てる脳トレパズル 遊んでおぼえるPythonプログラミング＆アルゴリズム,増井 敏克,翔泳社,プログラミングを学ぶとき、言語の文法などを勉強するのは退屈なものです。何かつくりたいものがあり、それを自分の手でつくることが達成感となり、楽しさにつながります。本書でも一般的なプログラミングで必要な要素がひと通り登場しますが、簡単なゲームをつくりながら基本をおぼえます。そして、だんだん難しくなるパズル問題を通じて、アルゴリズムを考慮した「使えるコード」が身につくようになっています。プログラミングの楽しさを見つけるきっかけになる、そんな本を目指しました。アタマをやわらかくして、ぜひ挑戦してみてください。,9784798163826,2020年12月22日頃,1980,単行本,001005017,0,0.0
Pythonではじめる　情報検索プログラミング,佐藤 進也,森北出版,検索エンジン、レコメンド機能、テキストマイニングーＰｙｔｈｏｎで動かしながらしくみを理解する。さまざまなアプリケーションの基礎をなす情報検索技術を、Ｐｙｔｈｏｎで実装しながら実践的に解説。文字コードの扱いかた・検索語の選びかたから、トピックモデル、表現学習といった発展的な話題までカバー。,9784627818613,2020年12月18日頃,2640,単行本,001006009004/001006009,0,0.0
Pythonによる機械学習入門,株式会社システム計画研究所,株式会社オーム社,,9784274219634,2016年11月30日頃,2860,単行本,001005017,3,3.0
Pythonでつくるゲームプログラミング入門,松浦健一郎/司ゆき,秀和システム,本書の特徴は、スマホゲーム（スマートフォンやタブレットで動くゲーム）やレトロゲーム（昔のゲーム）の有名な作品に見られる、さまざまな動きを再現していることです。有名なゲームで見たことがある、遊んだことがある数々の動きについて、仕組みを学んだり、実際にプログラムを動かしたりすることができます。ゲームプログラミングの入門書でありながら、ごく簡単なゲームだけではなく、かなり本格的なゲームまで目指しているので、ゲームの動き“アルゴリズム”の理解とプログラミングスキルのアップに役立ちます。,9784798061764,2020年12月18日頃,3190,単行本,001005005001/001005017,0,0.0
しんせつなPython,とおやまただし/とおやまつよし,秀和システム,パソコンで文字を打てる人なら誰でも理解できる！学ぶための前提知識が必要のないプログラミング本。,9784798048055,2016年10月,1870,単行本,001005017,1,0.0
つくりながら学ぶ！　Pythonセキュリティプログラミング,森幹太/坂井弘亮、SecHack365,マイナビ出版,情報セキュリティでよく利用するＰｙｔｈｏｎを活用しセキュリティ理解に必要となるコーディングについて実践形式で学ぶ。Ｗｅｂ、暗号、ネットワークなどコード実装を交えた攻撃手法を具体的に解説。,9784839968502,2019年02月27日頃,3168,単行本,001005017,1,0.0
Python インタラクティブ・データビジュアライゼーション入門,@driller/小川 英幸,朝倉書店,コールバック、アニメーションなどの機能で、大規模データでも特徴把握が簡単に。統計、金融、バイオサイエンスなどさまざまな専門分野に活用可能なパッケージ。作成した可視化データはＷｅｂサイトで公開でき、誰でも操作しながら閲覧可能。,9784254122589,2020年12月08日頃,4400,単行本,001005017,0,0.0
シゴトがはかどる Python自動処理の教科書,クジラ飛行机,マイナビ出版,,9784839973858,2020年12月28日頃,2739,単行本,001006018002,0,0.0
基礎Python,大津真,インプレス,初歩から学べて知識が身に付く。機械学習やＲａｓｐｂｅｒｒｙ　Ｐｉなど活用いろいろ、言語の基本を徹底マスター！,9784844380153,2016年03月,2948,単行本,001005017,1,4.0
これから学ぶPython,大津真,インプレス,標準モジュールのｔｕｒｔｌｅ（タートル：亀）を思い通りに動かしてさまざまな色や形、大きさの図形が描ける！動きのあるゲームを作れる…Ｐｙｔｈｏｎプログラミングを楽しもう！,9784295005162,2018年11月,2640,単行本,001005017,2,0.0
Scratch〈スクラッチ〉とPython〈パイソン〉でまなぶプログラミング図鑑セット【全5巻】,キャロル・ヴォーダマン/山崎 正浩,創元社,,9784422414478,2020年12月04日頃,15400,単行本,001005017/001025002,0,0.0
Pythonではじめるプログラミング,小波秀雄,インプレス,本書は、プログラミングの初心者が、Ｐｙｔｈｏｎという言語の世界を通して、楽しくプログラミングの基礎を学べるように構成されています。セミナー形式でレクチャーを受けるスタイルなので、一歩ずつ着実に理解を深めることができます。このセミナーの目標は、プログラミングの初心者がＰｙｔｈｏｎを使って実用的なデータ処理ができるレベルに到達することです。手を動かして、ステップごとに結果を確認しつつ、考えながら学ぶというスタイルで進めていきます。特に第１章から第３章までは、初心者目線でていねいなやり取りを展開しています。第４章〜第７章では、主にＰｙｔｈｏｎプログラミングの基本を解説します。この範囲を押さえればプログラミングの基礎的なスキルは出来上がり、いろいろな処理のためのソースを書いていくことができるでしょう。第８章〜第１０章では、Ｐｙｔｈｏｎの特徴を活かしたアルゴリズムの実装など、実践的なプログラミングを通してコーディングの力を養います。最後に数学ライブラリを使ったデータ処理、グラフィックスとデータ可視化の基本テクニックを身につけることになります。,9784295006060,2019年04月,2200,単行本,001005017,1,0.0
Pythonで学ぶフーリエ解析と信号処理,神永 正博,コロナ社,,9784339009378,2020年09月09日頃,2970,単行本,001012010001,0,0.0
はじめるPython！ ゼロからのゲームプログラミング,金宏 和實,日経BP,Ｐｙｔｈｏｎは、もっとも注目されているプログラミング言語であり、企業や学校などで広く使われています。他のプログラミング言語に比べて、本当に読みやすく、書きやすい言語なのです。そして、用途が広いので、いつかあなたの役に立つはずです。,9784822254568,2018年09月22日頃,2310,単行本,001005017,0,0.0
Python活用ハンドブック,日向俊二,カットシステム,,9784877834722,2020年01月,2640,単行本,001005017,0,0.0
独習Python入門,湯本堅隆,技術評論社,,9784774183299,2016年09月,2838,単行本,001005017,3,3.67
問題解決のPythonプログラミング,Srini Devadas/黒川 利明,オライリー・ジャパン,ＭＩＴで２０年にわたり教鞭を執る著者が、１、２年生を対象としたプログラミングの授業で実際に使っている教材をもとに執筆したものです。「楽しみながらアルゴリズム的思考とプログラミングスキルを鍛える」という意図に基づき、著者が選んだ２１の数学パズルを解くことを通じて、論理的な思考と柔軟な発想力を身に付けることができます。掲載されているコードはすべてダウンロード可能。また、章末の練習問題で習熟度を確認できます。「閃きの瞬間」が訪れたときの喜びを体感し、プログラミング本来の楽しみを知ることができる一冊です。,9784873118512,2018年09月22日頃,3080,単行本,001005017,0,0.0
Pythonによるバイオデータ解析入門,山内　長承,オーム社,,9784274224232,2019年11月21日頃,4180,単行本,001012006,0,0.0
Python、Rで学ぶデータサイエンス,Chantal D. Larose/Daniel T. Larose,東京化学同人,,9784807909957,2020年11月11日頃,2640,単行本,001005017,0,0.0
Pythonと複雑ネットワーク分析,林幸雄/谷澤俊弘,近代科学社,本書はシリーズとしての『ネットワーク科学の道具箱』（近代科学社、２００７）の続編でもあるが、いわゆる（複雑）ネットワーク科学に関する研究分野の十年ほどの進展に伴う新たな内容を中心に再編成して紹介した。教師信号を付けられないような、偶然出くわす、あるいは緩い関わりに潜む（因果が分からない現実のほとんど全ての広い意味での社会データに対応する）関係性データの分析に役立つ、Ｐｙｔｈｏｎのツール、可視化、連鎖的影響や役割分担の分析、購買層等のクラスタ分類：コミュニティ抽出、拡散の要の抽出や連結性の強化などを扱う。すなわち、企業間の取引、購買行動、口コミ情報の拡散など、人々のさまざまな活動履歴が関係性データとして表現できるとともに、本書に述べる分析手法は、それらのデータに共通して使えて、ＡＩ技術と同様に汎用性が高く適用範囲の裾野が広い。汎用で実際に役立つのみならず、理論的にも重要かつ今後の発展が期待できる基盤的内容を整理した。,9784764906020,2019年11月01日頃,2860,単行本,001012010005/001012010,1,0.0
Pythonによる問題解決のためのアルゴリズム設計技法,Magnus Lie Hetland/辻 真吾,技術評論社,プログラミングとコンピュータサイエンスの最も重要で難しい分野を非常に読みやすい形で解説。アルゴリズムの理論とプログラミングの実践の両方をカバーし、理論が実際のＰｙｔｈｏｎプログラムにどのように反映されているかを説明。Ｐｙｔｈｏｎに組み込まれている有名なアルゴリズムとデータ構造について説明している。,9784297116866,2020年11月13日頃,3828,単行本,001005017,0,0.0
【POD】続ドリル形式で楽しく学ぶ　Processing-Python,田中 賢一郎,インプレスR&D,,9784844378112,2019年08月02日頃,3080,単行本,001005005001/001005017,0,0.0
Pythonで動かして学ぶ！Kaggleデータ分析入門,篠田 裕之,翔泳社,本書はこれからデータ分析をはじめたいと思っている方や、Ｋａｇｇｌｅに興味のあるデータ分析の初心者に向けて、Ｐｙｔｈｏｎの実際のコードとともに丁寧に解説した書籍です。データ分析で必要な一般的な知識とともに、Ｋａｇｇｌｅへチャレンジするフローや、Ｋａｇｇｌｅの初心者向けコンペへの取り組み方を紹介します。データ分析や機械学習の一端に触れ、実際に課題を解決するプロセスを体験できます。Ｋａｇｇｌｅの初心者向けチュートリアル「Ｔｉｔａｎｉｃコンペ」「Ｈｏｕｓｅ　Ｐｒｉｃｅｓコンペ」について、分析の準備から結果の考察、そして精度を上げるプロセスをステップバイステップでコードとともに、わかりやすく解説。,9784798165233,2020年10月22日頃,2860,単行本,001012002,0,0.0
Pythonではじめる3Dゲーム開発,大西　武,工学社,「Ｐｙｔｈｏｎ３」は、本格的なプログラミングができる環境で最も簡単な言語と言えます。本書では、「３ＤゲームをプログラミングしたいけどＰｙｔｈｏｎ３言語しか使えない初心者」が読者対象。無料で使える言語やツールで、３Ｄゲーム開発の経験がない人でも作れるように、さまざまな作例で解説。,9784777521296,2020年12月16日頃,2090,単行本,001005008003/001005017,0,0.0
Head Firstはじめてのプログラミング,Eric Freeman/嶋田 健志,オライリー・ジャパン,脳の働きに注目し、脳を活性化させる学習効果の高い独自のスタイルで人気のＨｅａｄ　Ｆｉｒｓｔシリーズにプログラミング初心者向けバージョンが登場。Ｐｙｔｈｏｎを使ったプログラミングの基本について、イラストや写真を多用して直感的な理解を促します。やさしい切り口ながらも、データ型、データ構造、抽象化、再帰、モジュールなど、プログラミングの基本を段階的に学び、後半では複雑で大規模なアプリケーションの作成にも取り組みます。認知科学と教育心理学に基づいたアプローチで、プログラミングのテクニックだけではなく、論理的思考やプログラミング的な考え方を、楽しみながら身に付けられるように工夫されています。,9784873118741,2019年04月26日頃,3300,単行本,001005005001,1,4.0
スッキリわかるPythonによる機械学習入門,フレアリンク/須藤秋良,インプレス,前処理・学習・性能評価の流れはもちろん、各種手法、統計の基礎も少しずつ＆ていねいに。だから→現場で必須の知識がスッキリ身に付く！ｐａｎｄａｓ×ｓｃｉｋｉｔ-ｌｅａｒｎを徹底活用！,9784295009948,2020年10月,3300,単行本,001005005001/001005005011/001005017,1,5.0
やさしいPython,高橋 麻奈,SBクリエイティブ,Ｐｙｔｈｏｎの基礎から機械学習の基本まで、スラスラ読める解説でとことん丁寧に。経験がなくてもしっかり理解できます。,9784797396027,2018年04月21日頃,2838,単行本,001005017,1,3.0
算数でわかるPythonプログラミング,田中　一成,株式会社オーム社,数学の苦手な大学生のカズ君が、小学校の算数を学び直しながらＰｙｔｈｏｎのプログラミングを教えてもらう話。,9784274221132,2017年10月21日頃,1870,単行本,001005017,2,3.0
やさしいPython入門第2版,日向俊二,カットシステム,教材に最適！！シンプル＆パワフルなプログラミング言語Ｐｙｔｈｏｎの基本を学ぶ！豊富な例題でわかりやすい！！,9784877834432,2018年08月,2530,単行本,001005017,1,0.0
Pythonライブラリ厳選レシピ,池内孝啓/鈴木たかのり,技術評論社,標準ライブラリ・サードパーティパッケージから、定番＆便利なライブラリを厳選して紹介！Ｐｙｔｈｏｎの豊富なライブラリ群を使いこなしたいユーザ必読。Ｐｙｔｈｏｎ３．４対応。,9784774177076,2015年10月17日頃,3168,単行本,001005017,2,5.0
Pythonによる機械学習,Michael Bowles/露崎 博之,共立出版,,9784320124387,2019年04月27日頃,4950,単行本,001005017/001012002,0,0.0
ハイパフォーマンスPython,ミヒャ・ゴアリク/イアン・オズワルド,オライリー・ジャパン,Ｐｙｔｈｏｎの高速化技法について一歩踏み込んだプロユースの解説書。ボトルネックの測定方法から、最適なデータ構造の使い分け、ＣｙｔｈｏｎやＰｙＰｙなどのコンパイラの比較、ｎｕｍｐｙなどのパッケージの使い方、マルチコアＣＰＵの活用法、メモリ効率を劇的に改善するトライ構造や近似計算まで、シンプルな実例プログラムを用いながらわかりやすく説明します。高性能なプログラムの書き方だけでなく、高性能なシステムの作り方を総合的に学ぶことができるＰｙｔｈｏｎエキスパート必携の一冊です。,9784873117409,2015年11月,3960,単行本,001005017,2,4.0
Pythonで始めるプログラミング入門,大和田勇人/金盛克俊,コロナ社,,9784339024982,2015年10月,2200,単行本,001005005001,0,0.0
Pythonエンジニアファーストブック,鈴木たかのり/清原弘貴,技術評論社,Ｐｙｔｈｏｎの特徴、言語の基本、開発環境の準備、チーム開発、まずは押さえておきたい技術。仕事でＰｙｔｈｏｎを使うならまず知っておきたいことを１冊にまとめました。,9784774192222,2017年09月,2640,単行本,001005005006,4,3.67
いまさら聞けないPythonでデータ分析,岡本　安晴,丸善出版,データ分析をＰｙｔｈｏｎで行うときの基礎的事項を解説。データおよびその分析結果の視覚化としてＰｙｔｈｏｎのライブラリｍａｔｐｌｏｔｌｉｂを用いたグラフ描画について説明。データ分析法として、基本となる標準的な多変量解析と、現在注目を集めるベイズ分析を取り上げる。,9784621303610,2019年01月29日頃,2640,単行本,001012002,0,0.0
かんたんPython,掌田津耶乃,技術評論社,よくわかる！パイソンの教科書。基本の文法事項を網羅。コードを書きながら楽しく学べる。最新Ｐｙｔｈｏｎ３完全対応。基礎から実践まで豊富な実例と図解でしっかりわかる！,9784774195780,2018年03月,3058,単行本,001005005011,0,0.0
Pythonエンジニア養成読本［いまどきの開発ノウハウ満載！］,鈴木たかのり/清原弘貴,技術評論社,,9784774173207,2015年04月,2178,単行本,001005005005,2,4.0
Pythonではじめるソフトウェアアーキテクチャ,Anand Balachandran Pillai/渡辺 賢人,共立出版,本書では、アプリケーションに内在するソフトウェアアーキテクチャをＰｙｔｈｏｎによってどのように実現するかについて説明します。他にも、アプリケーションをデザインする際によく現れる問題を解決するための重要なパターンや、クラウド、マイクロサービスといった比較的新しいドメインでのパターンについても説明します。本書の実例を通してＰｙｔｈｏｎの長所と短所を把握することで、言語の仕様を考慮した設計を実現できるようになるでしょう。,9784320124431,2019年02月22日頃,6600,単行本,001005017,0,0.0
Pythonによるデータ解析入門,山内長承,オーム社,,9784274222887,2018年11月29日頃,2970,単行本,001012002,1,4.0
Pythonによる統計分析入門,山内長承,オーム社,,9784274222344,2018年05月,2970,単行本,001012002,2,4.0
Python言語によるビジネスアナリティクス,久保 幹雄/小林 和博,近代科学社,,9784764905160,2016年09月01日頃,7040,単行本,001005017,4,3.0
Pythonで始めるOpenCL,北山洋幸,カットシステム,,9784877834333,2018年03月,4180,単行本,001005017,0,0.0
Python言語によるビジネスアナリティクス,久保 幹雄/小林 和博,近代科学社,,9784764905160,2016年09月01日頃,7040,単行本,001005017,4,3.0
Pythonで始めるOpenCL,北山洋幸,カットシステム,,9784877834333,2018年03月,4180,単行本,001005017,0,0.0
Philanthropy　from　the　Beyond,岸本正之,文芸社,,9784286217758,2020年06月,1870,単行本,001008008,0,0.0
Pythonで体験する深層学習,浅川伸一,コロナ社,,9784339028515,2016年08月,4070,単行本,001005017,1,0.0
Pythonによるクローラー＆スクレイピング入門 設計・開発から収集データの解析・運用まで,加藤 勝也/横山 裕季,翔泳社,Ｗｅｂデータの巡回収集と解析を自動で処理しよう！開発プロセスから運用までしっかりフォロー。目的別クローラー開発手法も網羅。,9784798149127,2017年10月23日頃,3300,単行本,001012010001/001012010,1,3.0
Python文法詳解,石本敦夫,オライリー・ジャパン,最新のＰｙｔｈｏｎを深く理解し、使いこなすために必要な基礎を伝授！プログラミング言語としてのＰｙｔｈｏｎの文法や、組み込みのオブジェクトに焦点を絞って解説。入門書やチュートリアルではあまり触られない、Ｐｙｔｈｏｎの内部や仕組みに関するトピックも盛り込んだ。,9784873116884,2014年09月,3520,単行本,001005017,2,4.0
Python と JavaScriptではじめるデータビジュアライゼーション,Kyran Dale/嶋田 健志,オライリー・ジャパン,Ｗｅｂからデータを取得して、効率よく整理、分析を行い効果的な可視化を実現するには、さまざまなツールとテクニックが必要です。本書ではＰｙｔｈｏｎとＪａｖａＳｃｒｉｐｔを使い分け、それぞれの言語の強みを最大限利用します。ＰｙｔｈｏｎのＢｅａｕｔｉｆｕｌＳｏｕｐとＳｃｒａｐｙでデータを取得、ｐａｎｄａｓ、Ｍａｔｐｌｏｔｌｉｂ，Ｎｕｍｐｙでデータ処理を行い、Ｆｌａｓｋフレームワークを使ってデータを配信、ＪａｖａＳｃｒｉｐｔのＤ３．ｊｓを使ってインタラクティブなＷｅｂ可視化を実現します。データの収集からアウトプットまでの全体を視野に入れて解説しているので、実際にコードを追いながら、この一冊でデータ分析プロセスの全体像を理解できます。,9784873118086,2017年08月25日頃,4180,単行本,001005003008/001005005009,1,4.0
Pythonによるアルゴリズム入門,酒井　和哉,オーム社,簡潔にまとまったＰｙｔｈｏｎコードでデータの動きが手に取るように１ステップずつわかる。,9784274225888,2020年09月08日頃,3520,単行本,001005017,0,0.0
HAPPY QUOKKAS with ALLAN DIXON,アラン・ディクソン,大誠社,レスキューアニマルの救世主、アラン・ディクソンが世界一幸せな動物、クオッカの笑顔を撮りまくる！,9784865180763,2018年05月16日頃,1980,単行本,001012008/001013003,2,5.0
学生のためのPython,本郷 健/松田 晃一,東京電機大学出版局,シンプルで可読性に優れているＰｙｔｈｏｎ言語を学ぶ課題演習型テキスト。例題に沿って学習をすることで、プログラミングの基礎、Ｐｙｔｈｏｎの文法が身につきます。基礎編では簡単な命令でＰｙｔｈｏｎの動作を確認します。実践編ではタートルグラフィックスを使い、図形を描くことでプログラミングを理解できるようにしています。楽しみながら確実に実力のつくテキストです。,9784501555702,2017年10月10日頃,2750,単行本,001005017,1,0.0
Kaggleで学んでハイスコアをたたき出す! Python機械学習＆データ分析,チーム・カルポ,秀和システム,,9784798061863,2020年08月18日,3080,単行本,001005017,1,4.0
Python人工知能プログラミング,深井裕二,三恵社,,9784864879910,2019年01月,2860,単行本,001005017,0,0.0
フルスタックJavaScriptとPython機械学習ライブラリで実践するソーシ,石川博（情報処理学）/横山昌平,コロナ社,,9784339028898,2019年02月,3520,単行本,001005003008/001005005009,1,4.0
はじめてのPython & seaborn,十河 宏行,朝倉書店,,9784254128970,2019年01月30日頃,3300,全集・双書,001005017,0,0.0
15時間でわかるPython集中講座,露木誠/小田切篤,技術評論社,いちばんやさしいＰｙｔｈｏｎの教科書。ずっと使える知識が身につく入門書の決定版！,9784774178929,2016年01月19日頃,2948,単行本,001005017,2,3.0
Maya　Python完全リファレンス,アダム・ミシェリー/ライアン・トローブリッジ,ボーンデジタル,,9784862462060,2013年08月,7700,,001005017,0,0.0
Python入門,エスキュービズム/細田謙二,秀和システム,Ｐｙｔｈｏｎの基本から、やさしく解説。Ｄｊａｎｇｏ等のフレームワーク、Ｇｏｏｇｌｅ　Ａｐｐ　Ｅｎｇｉｎｅ等、実用レシピも多数収録。頻出パターンを試しながら学べる実践的教科書。,9784798026558,2010年07月,2970,単行本,001005017,8,3.67
Pythonによる深層強化学習入門,牧野 浩二/西崎 博光,株式会社オーム社,Ｐｙｔｈｏｎで動作する深層強化学習フレームワーク「ＣｈａｉｎｅｒＲＬ」を用いて、深層強化学習を実際に使いこなすことに焦点を当て、開発環境の構築から深層学習、強化学習、深層強化学習とステップアップ方式で、基礎から実際のモノを制御する応用までを解説。,9784274222535,2018年08月11日頃,3080,単行本,001005017,2,3.0
Periodontal　Team　Therapy,山本浩正,医歯薬出版,,9784263443224,2010年09月,6820,単行本,001028016002,0,0.0
Head First Python 第2版,Paul Barry/嶋田 健志,オライリー・ジャパン,認知科学、神経生物学、教育心理学の研究に基づき、イラストや写真を多用したビジュアル重視の画期的なＰｙｔｈｏｎの入門書です。脳の働きに注目し、脳を活性化させる学習効果が高い独自のスタイルで、効率的にＰｙｔｈｏｎプログラミングのスキルを身に付けることが可能です。前半でＰｙｔｈｏｎの基本や特徴を一通り説明してから、実際に独自のＷｅｂアプリケーションをステップバイステップで構築する作業を通じて、データベース管理、例外処理、データ処理などの理解を深めていきます。手を動かしながら学べるＰｙｔｈｏｎ入門書の決定版です。,9784873118291,2018年03月24日頃,4180,単行本,001005017,0,0.0
直感 Deep Learning,Antonio Gulli/Sujit Pal,オライリー・ジャパン,直感的かつ短いコードでアイデアを形にできるＫｅｒａｓはＴｅｎｓｏｒＦｌｏｗのラッパーとして大人気のライブラリです。本書でもＴｅｎｓｏｒＦｌｏｗをバックエンドとして使用し、自然言語処理、画像識別、画像生成、音声合成、テキスト生成、強化学習、ＡＩゲームプレイなどさまざまなモデルをＰｙｔｈｏｎとＫｅｒａｓで実装します。対象読者は、各種のディープラーニングを素早く実装したいプログラマー、データサイエンティスト。ディープラーニングを支える技術の速習にも好適です。数式はなるべく使わずにコードと図で説明します。ニューラルネットワークおよびＰｙｔｈｏｎ３の基本を理解している人であれば誰でも始めることができます。,9784873118260,2018年08月11日頃,3740,単行本,001005017,4,3.5
ゼロからはじめるデータサイエンス　第2版,Joel Grus/菊池 彰,オライリー・ジャパン,本書はＰｙｔｈｏｎプログラミングを通してデータサイエンスの基本知識を「ゼロから学ぶ」ことができる入門書です。読者は架空のソーシャルネットワーク運営企業、データサイエンス・スター社のデータサイエンティストとして、さまざまな課題を解決しながら、必要な知識とスキルを着実に積み上げていきます。第１版の発刊から５年。その間、データサイエンスへの注目はますます高まる、Ｐｙｔｈｏｎはバージョンアップが進み、ライブラリは一層充実しました。このような変化に伴い、内容を全面的にアップデート。Ｐｙｔｈｏｎプログラミングの基礎から線形代数、統計確率の基礎、回帰、機械学習、ナイーブベイズ、決定木、ニューラルネットワーク、ディープラーニング、自然言語処理、ネットワーク分析、リコメンドシステム、データベースとＳＱＬ、ＭａｐＲｅｄｕｃｅ、データ倫理まで、データサイエンスに必要な幅広い知識をカバーします。,9784873119113,2020年05月01日頃,3740,単行本,001005017/001012002,0,0.0
【POD】スクレイピング・ハッキング・ラボ　Pythonで自動化する未来型生活,齊藤 貴義,インプレスR&D,,9784844378860,2020年09月04日頃,2420,,001005005011,0,0.0
TensorFlow機械学習クックブック,ニック・マクルーア/クイープ,インプレス,ＴｅｎｓｏｒＦｌｏｗは、数値処理用のオープンソースライブラリ。機械学習や深層学習などＡＩ分野を中心に活用が進んでいます。本書では、最初に、変数／プレースホルダといったＴｅｎｓｏｒＦｌｏｗの基本や、さまざまなオープンデータを扱う方法を説明。以降は、機械学習に関するさまざまな手法を具体的なレシピとして示していきます。線形回帰からＣＮＮ／ＲＮＮまで解説しつつ、運用環境向けの手法や連立常微分方程式も取り上げます。ＴｅｎｓｏｒＦｌｏｗとＰｙｔｈｏｎ３を使ったさまざまな手法について具体的に知りたい方に格好の一冊です。,9784295002000,2017年08月,4620,単行本,001005017,0,0.0
実践 マテリアルズインフォマティクス,船津 公人/柴山 翔二郎,近代科学社,,9784764906150,2020年07月30日頃,3850,単行本,001012010005,0,0.0
データサイエンス教本,橋本洋志/牧野浩二,株式会社オーム社,データサイエンスは、幅広い分野にまたがり、科学的方法によりデータの産み出されたメカニズムや因果性を明らかにして、その知識体系を築くことです。,9784274222900,2018年12月01日頃,3960,単行本,001005017,3,3.0
scikit-learn活用レシピ80＋,ジュリアン・アビラ/トレント・ホーク,インプレス,一連の基本作法から、前処理、次元削減、線形モデル、交差検証、ＳＶＭ、アンサンブル、テキスト分析、多分類、ニューラルネットワークまで、各種テクニックを幅広く解説。,9784295005742,2019年03月,4290,単行本,001005017,2,4.0
あたらしい数理最適化,久保幹雄/ジョア・ペドロ・ペドロソ,近代科学社,最近では、数理最適化問題は、高性能な数理最適化ソルバー（Ｇｕｒｏｂｉ）と超高水準プログラミング言語（Ｐｙｔｈｏｎ）を使えば、複雑な実際問題でさえ、いとも簡単にモデル化でき、あっと言う間に解決が可能になってきた。本書は、そのようなパラダイムの変化に応え初めての数理最適化の入門書である。内容としては、例を用いて基礎理論を解説するとともに、正しくかつ高速に動くプログラムを示すことによって、実務家が実際問題を解く際のお手本を示すことを心がけた。,9784764904330,2012年11月,3520,単行本,001012002,3,4.0
前処理大全,本橋智光/ホクソエム,技術評論社,,9784774196473,2018年04月,3300,単行本,001005017,6,4.17
はじめてのディープラーニング2,我妻 幸長,SBクリエイティブ,ベストセラー「はじめてのディープラーニング」の正統派続編！！ディープラーニング学習の基礎である数学、Ｐｙｔｈｏｎ、および畳み込みニューラルネットワークの復習。再帰型ニューラルネットワーク（ＲＮＮ）と、その派生モデルであるＬＳＴＭとＧＲＵによる自然言語処理の実装。ディープラーニングの生成モデルであるＶＡＥ、ＧＡＮによる画像生成の実装。すべてのコードはフレームワークを使わずに、Ｐｙｔｈｏｎのみで記述。Ｐｙｔｈｏｎ３、Ｊｕｐｙｔｅｒ　Ｎｏｔｅｂｏｏｋ、Ｇｏｏｇｌｅ　Ｃｏｌａｂｏｒａｔｏｒｙ対応。,9784815605582,2020年03月25日頃,3080,単行本,001005017,0,0.0
Kivyプログラミング,久保幹雄/原口和也,朝倉書店,,9784254128963,2018年06月14日頃,3520,全集・双書,001005005011,0,0.0
実践Python　3,マーク・サマーフィールド/斎藤康毅,オライリー・ジャパン,仕事や研究で役立つ実践的な側面を重視し、一般的なプログラミングのベストプラクティスをＰｙｔｈｏｎに適用する方法について解説します。主なテーマは、エレガントなコーディングのためのデザインパターン、処理速度向上のための並行処理とＣｙｔｈｏｎ、高レベルなネットワーク処理、そしてグラフィックスです。読者対象は中級以上のＰｙｔｈｏｎプログラマー。実践的なベストプラクティスを示し、巷で囁かれてきた「デザインパターンはＰｙｔｈｏｎには不向き」「Ｐｙｔｈｏｎはマルチコアの恩恵を受けられない」といった認識が間違いであり、迷信にすぎなかったことを明らかにします。２０１４年米国Ｊｏｌｔアワード受賞書、待望の邦訳。,9784873117393,2015年12月,3740,単行本,001005017,2,4.0
実践力を身につける Pythonの教科書,クジラ飛行机,マイナビ出版,基本文法から始めてアプリ開発までしっかり解説。話題の「機械学習」も、手順に沿って動かしながら学べます。,9784839960247,2016年10月26日頃,2838,単行本,001005017,5,4.0
さわって学べるSikuliX,大澤 文孝,日経BP,「ＳｉｋｕｌｉＸ」は「目を持っている」というところが、他の自動化ツールと大きく違います。画面の「こんなふうに見えるところをクリック」というように、人間が操作しているときのように、見え方で自動操作を指示できるのです。本書には、実際に活用できそうなサンプルをできるだけ多数、掲載するように努めました。自動化の目的は時短なので、自動化のためのプログラミングに時間をかけるのはナンセンス。活用できるサンプルが多数あることは、プログラミング自体を時短することにつながるはずです。,9784296103034,2019年08月23日頃,2640,単行本,001006018002,0,0.0
NumPyによるデータ分析入門,Umit Mert Cakmak/Mert Cuhadaroglu,オライリージャパン,高速な処理、容易な行列演算、高い汎用性を誇るＮｕｍＰｙの機能と威力を体感。データ分析、機械学習、数値計算の必須ツールＮｕｍＰｙを使いこなす。ＮｕｍＰｙとそれに関連するＰｙｔｈｏｎの配列と演算についての知識とスキルをコンパクトにまとめている。,9784873118871,2019年09月27日頃,3080,単行本,001005005011/001012002,0,0.0
はじめてのディープラーニング,我妻 幸長,SBクリエイティブ,知識ゼロからはじめるディープラーニング。ディープラーニングの基礎知識と実践的なプログラミングを、フレームワークを使わずに解説しています。これからＡＩ関連の技術を学びたい学生やエンジニアに最適！！Ｐｙｔｈｏｎ３、Ｊｕｐｙｔｅｒ　Ｎｏｔｅｂｏｏｋ対応。,9784797396812,2018年08月29日頃,2948,単行本,001005017,2,5.0
機械学習のための特徴量エンジニアリング,Alice Zheng/Amanda Casari,オライリー・ジャパン,本書は、機械学習モデルの性能を向上させるために、データから良い特徴量を作る特徴量エンジニアリングについて解説します。前半では初学者に向けて、数値、テキスト、カテゴリ変数の基本的な取り扱い方を説明し、後半では特徴量ハッシング、ビンカウンティング、ＰＣＡによるデータの圧縮、さらに非線形特徴量とモデルスタッキング、画像特徴量抽出と深層学習による自動特徴学習などの高度なテーマを扱います。特徴量エンジニアリングの原理について直感的な理解が得られるように図や例を豊富に使い、またＰｙｔｈｏｎコードによる実行例を数多くあげて解説しており、実際の業務に適用するための具体的な知識が得られます。特徴量エンジニアリングを使いこなし、機械学習モデルの性能を最大限に引き出したいエンジニア必携の一冊です。Ｋａｇｇｌｅ　ＧｒａｎｄｍａｓｔｅｒのＫｏｈｅｉ　Ｏｚａｋｉ（＠ｓｍｌｙ）氏による「日本語版に寄せて」を収録しています。,9784873118680,2019年02月23日頃,3300,単行本,001005017,3,4.5
pandasライブラリ活用入門,ダニエル・Y・チェン/吉川邦夫,インプレス,ｐａｎｄａｓ、ｍａｔｐｌｏｔｌｉｂ、ｓｅａｂｏｒｎ、ｎｕｍｐｙ、ｓｔａｔｓｍｏｄｅｌｓ、ｓｋｌｅａｒｎ…Ｐｙｔｈｏｎ定番ライブラリの定石をマスター！データの取り込み・整備・集約、可視化、モデル採択、正則化など、一連のデータ処理の基本から解説。,9784295005650,2019年02月,4180,単行本,001005017,0,0.0
アルゴリズムトレードの道具箱,ジョージ・プルート/長尾慎太郎,パンローリング,本書の主な内容：理論から実践へのスムーズな移行。本書で提供するソースコードとライブラリーによる完全トレードシステムの開発。いろいろなトレードシステムの長所と短所の評価。トレードステーション、トレーダーズスチューディオ、マルチチャート、エクセルなどのプラットフォームから最大限の力を引き出すためのアドバイスとプロからの助言。サンプルコード、キーワード、データアクセスを提供する便利な付録でアルゴリズム開発時間の短縮。,9784775972205,2017年07月,10780,単行本,001006005,0,0.0
機械学習と深層学習,小高知宏,株式会社オーム社,,9784274222269,2018年05月12日頃,2750,単行本,001005017,1,0.0
たっきゅんのガチンコツール開発部,伊藤達弘,ボーンデジタル,,9784862463395,2016年05月,4180,単行本,001005017,0,0.0
実践 Deep Learning,Nikhil Buduma/太田 満久,オライリー・ジャパン,２０００年代にニューラルネットワークの研究が再び活発になりました。現在、ディープラーニングは近代的な機械学習の道を切り開いている非常に活発な研究領域となっています。Ｇｏｏｇｌｅ、Ｍｉｃｒｏｓｏｆｔ、Ｆａｃｅｂｏｏｋなどの企業では、社内のディープラーニングチームが急成長しています。しかし、多くの人にとってディープラーニングはまだまだとても複雑で困難な課題です。本書ではサンプルのＰｙｔｈｏｎ３プログラムと簡潔な説明を通してこの複雑な分野の主要な概念を紹介します。微積分、行列演算、Ｐｙｔｈｏｎの基礎があれば誰でも本書を始めることができます。,9784873118321,2018年04月26日頃,3960,単行本,001005017,3,3.0
言語研究のためのプログラミング入門,淺尾仁彦/李在鎬,開拓社,言語研究者の関心に即したプログラミングの入門書。近年、注目を集めているＰｙｔｈｏｎを取り上げ、英語や日本語の言語分析のための具体的な処理例が多数収録。,9784758921886,2013年06月25日頃,3520,単行本,001008018,0,0.0
リバースエンジニアリング,ジャスティン・サイツ/安藤慶一,オーム社,Ｐｙｔｈｏｎはリバースエンジニアやソフトウェアテスターといったセキュリティのプロにも人気の言語です。本書では、ハッキングツールやテクニックの概念を解説したうえで、Ｐｙｔｈｏｎを使ったバイナリ解析技法について詳しく解説します。読者は、独自デバッガの構築、バグを発見するためのツールの作り方、オープンソースのライブラリを活用した処理の自動化、商用ソフトとオープンソースのセキュリティツールを連動させる方法などについて学ぶことができるでしょう。日本語版では、本書をより深く理解するための補足情報とリバーシングに役立つツールについての解説を加筆しました。,9784873114484,2010年05月,3520,単行本,001005017,2,0.0
入門PySpark,Tomasz Drabas/Denny Lee,オライリー・ジャパン,ＰｙｔｈｏｎからＳｐａｒｋを利用するための機能、ＰｙＳｐａｒｋを使いこなすテクニックとノウハウ。はじめに高速になったＳｐａｒｋ２．０の特徴とアーキテクチャを解説し、構造化及び非構造化データの読み取り、ＰｙＳｐａｒｋで利用できる基本的なデータ型、ＭＬｌｉｂとＭＬパッケージによる機械学習モデルの構築を説明。ＧｒａｐｈＦｒａｍｅｓを使ったグラフの操作、ストリーミングデータの読み取り、クラウドへのモデルのデプロイなどの方法を豊富なサンプルと一緒に学ぶ。ローカルでのＳｐａｒｋ＋Ｐｙｔｈｏｎ＋Ｊｕｐｙｔｅｒ環境の構築方法も紹介。,9784873118185,2017年11月22日頃,3740,単行本,001005017,1,4.0
micro:bitで学ぶプログラミング,高橋 参吉/喜家村 奨,コロナ社,,9784339028980,2019年09月03日頃,2420,単行本,001005003008/001005017,0,0.0
行列プログラマー,Philip N. Klein/松田 晃一,オライリー・ジャパン,図形変換、顔検出、画像圧縮、画像補正、ページランク、機械学習、暗号と秘密共有…豊富なサンプルで線形代数の概念を学ぶ。,9784873117775,2016年10月05日頃,5940,単行本,001012002,0,0.0
Kaggleコンペティション チャレンジブック,Jung Kweon Woo/巣籠悠輔,マイナビ出版,,9784839968939,2020年12月28日頃,3828,単行本,001005017,0,0.0
フリーソフトではじめる機械学習入門(第2版),荒木 雅弘,森北出版,,9784627852129,2018年04月10日頃,3960,単行本,001005017,0,0.0
機械学習のエッセンス,加藤 公一,SBクリエイティブ,本書は機械学習のいくつかの有名なアルゴリズムを、Ｐｙｔｈｏｎのみを使ってゼロから実装することを目標としています。実際の現場では、フレームワークの利用により、とかくブラックボックスになりがちな機械学習の真の仕組みが理解できます。,9784797393965,2018年09月22日頃,3080,単行本,001005017,4,4.33
試して学ぶ　機械学習入門,竹野 峻輔/高橋 寛治,マイナビ出版,,9784839967444,2019年04月23日頃,3289,単行本,001012010001/001012010,0,0.0
Cython,クルト・W．スミス/中田秀基,オライリー・ジャパン,Ｐｙｔｈｏｎの表現力とＣ／Ｃ＋＋の速さを備えたＣｙｔｈｏｎを使って、高速なシステムを効率的に開発する手法を示す。科学技術計算や統計分析の分野では恒常的にある「Ｐｙｔｈｏｎを高速化したい」というニーズに応える一冊。ＳｃｉＰｙの初期の開発とメンテナンスを行っていたことで知られるＥｎｔｈｏｕｇｈｔ社のコンサルタントである著者がていねいに解説。,9784873117270,2015年06月,3520,単行本,001005017,0,0.0
IoTデバイス設計・実装,武藤佳恭,オーム社,,9784274217906,2015年09月04日頃,2530,単行本,001012010001/001012010,0,0.0
デジタル信号処理の基礎,岡留 剛,共立出版,,9784320086487,2018年09月12日頃,3520,単行本,001012010001,0,0.0
ニューラルネットワーク自作入門,Tariq Rashid/新納　浩幸,マイナビ出版,人工知能の分野でパワフルかつ有用な手法として期待されている。“ニューラルネットワーク”の入門書。必要となる数学を理解できるよう一歩一歩丁寧に解説。コンピュータ言語：Ｐｙｔｈｏｎを活用してニューラルネットワークを自作してどのように動くのかを理解！,9784839962258,2017年04月28日頃,2959,単行本,001005017,1,0.0
プログラミングROS,Morgan Quigley/Brian Gerkey,オライリー・ジャパン,ＲＯＳ（ロボットオペレーティングシステム）の解説書。ＲＯＳのコンセプトから、Ｐｙｔｈｏｎ２．７によるロボットプログラミングの具体的な方法、インストールやデバッグ時のヒントまで、ＲＯＳユーザーが知っておくべき基本を網羅的に解説します。単純なテレオペボットから始めて、認識・行動制御を伴うより複雑な自律型ロボットへと段階的に学んでいくので、読者は学習を進めながら理解を深めることができます。各章が典型的なユースケースシナリオに対するレシピ（具体的なコード、図、解説）として構成されているため、自分自身の目的や興味に合わせて読み進めることも可能です。日本語版では、ＰｅｐｐｅｒプログラミングとＲＯＳ２アーキテクチャーについての解説を巻末付録として収録しました。,9784873118093,2017年12月13日頃,4180,単行本,001012010001,2,5.0
機械学習ガイドブック,櫻井　豊,オーム社,,9784274223938,2019年06月22日頃,2750,単行本,001005017,0,0.0
Ordinary Differential Equations and Physical Phenomena,神田 学/バルケズ アルビン,朝倉書店,,9784254201697,2020年11月04日頃,3520,単行本,001012002,0,0.0
実習で身につく！新しいPythonの教科書　〜Pythonの基本スキルから機械学習の初歩まで〜,境　祐司,（株）エスシーシー（SCC),,9784886477354,2021年01月07日頃,2750,単行本,001005017,0,0.0
文系でも数式なしのPython×Excelで稼ぐ力を上げる！,日比野　新,かんき出版,,9784761275280,2021年01月21日頃,1760,単行本,001015,0,0.0
Pythonディープラーニングシステム実装法ーKerasによる画像・一般データ分類システムの構築ー,宮田 章裕,科学情報出版,ＫｅｒａｓはＴｅｎｓｏｒｆｌｏｗ統合後の２．４系以降のものをサポート！汎用的な問題を題材とし、入力から出力までのシステム全体をメンテナンス性の高いコードで説明！,9784904774922,2020年10月25日頃,4400,単行本,001005017,0,0.0
Pythonによるはじめての機械学習プログラミング,島田達朗/越水直人,技術評論社,難しい理論で悩む前に、手を動かして機械学習を試してみよう！,9784297105259,2019年05月,2728,単行本,001005017,0,0.0
Python完全入門,松浦健一郎/司ゆき,SBクリエイティブ,,9784815607647,2021年01月25日頃,3190,単行本,001005017,0,0.0
退屈なことはPythonにやらせよう　第2版,AI Sweigart/相川愛三,オライリー・ジャパン,,9784873119274,2021年06月28日頃,4180,単行本,001005005011/001005006003/001005017,0,0.0
Python3ではじめるシステムトレード,森谷博之,パンローリング,ネットワーク上にあるデータベースから金融経済関連のデータをダウンロードし、そのデータの特徴を理解する。そして投資・取引戦略を構築するための知恵を身に付ける。その際にＰｙｔｈｏｎプログラム言語を学び、統計的手法を用いてデータ分析の客観性を向上し、安定した収益を実現する取引戦略の構築を試みてみよう。また、学習に用いたプログラムコードを公開することで、だれでも卓上で分析結果を再現できるようにする。これらが本書の特徴であり、目的である。,9784775991473,2016年12月,4180,単行本,001006005,1,5.0
Pythonで体験するベイズ推論,キャメロン・デビッドソン=ピロン/玉木 徹,森北出版,ＰｙｔｈｏｎでＭＣＭＣを走らせれば、ベイズ推論のエッセンスが見えてくる。プログラミングを通して学ぶ、ベイズ推論の新しい入門書。実践的なＰｙｔｈｏｎコードを多数掲載。,9784627077911,2017年04月06日頃,3520,単行本,001006018001/001012002,0,0.0
Pythonプログラミング逆引き大全 400の極意,金城俊哉,秀和システム,,9784798063669,2021年01月16日頃,3300,単行本,001005017,0,0.0
【POD】ゲームを作りながら楽しく学べるPythonプログラミング,田中賢一郎,インプレスR＆D,,9784844397533,2017年03月,2750,単行本,001005017,0,0.0
Rhinoceros×Python コンピュテーショナル・デザイン入門,三井 和男,彰国社,３ＤモデリングツールＲｈｉｎｏｃｅｒｏｓを拡張するプログラミング言語Ｐｙｔｈｏｎ。初めて学ぶあなたに最適！,9784395320837,2016年12月26日頃,2750,単行本,001005017,0,0.0
【POD】ほぼPythonだけでサーバーレスアプリをつくろう,長谷場 潤也/安田 譲,インプレスR&D,,9784844398974,2019年08月30日頃,2200,単行本,001005005011/001012010001/001012010,0,0.0
スパース推定100問 with Python,鈴木 讓,共立出版,,9784320125094,2021年01月28日頃,3300,全集・双書,001015,0,0.0
Pythonによる医療データ分析入門ーーpandas＋擬似レセプト編,青木智広、橋田和典（コラム執筆）/山本光穂（Pythonコード監修）,技術評論社,ｐａｎｄａｓ、ＮｕｍＰｙ、ＳｃｉＰｙ、Ｍａｔｐｌｏｔｌｉｂによるデータ分析プログラミング技法詳解。,9784297115173,2020年07月20日頃,4378,単行本,001028006002,0,0.0
事例とベストプラクティス Python機械学習,Yuxi (Hayden) Liu/黒川	利明,朝倉書店,,9784254122442,2020年02月07日頃,4290,単行本,001005017/001012002,1,4.0
Pythonによるバイオインフォマティクス　原著第2版,Sebastian Bassi/樋口 千洋,共立出版,,9784320058156,2021年02月27日頃,6600,単行本,001015,0,0.0
Pythonチュートリアル 第4版,Guido van Rossum/鴨澤眞夫,オライリー・ジャパン,,9784873119359,2021年02月01日頃,1980,単行本,001005005011/001005017,0,0.0
Python言語によるプログラミングイントロダクション,ジョン・V．グッターグ/久保幹雄,近代科学社,,9784764904699,2014年12月29日頃,4180,単行本,001005017,2,4.0
PythonライブラリBlueqatではじめる IBM Q 量子プログラミング入門,湊雄一郎/加藤巧己,秀和システム,,9784798062808,2021年02月13日頃,3850,単行本,001005017,0,0.0
科学技術計算のためのPython,ホセ・ウンピンゴ/石井一夫,エヌ・ティー・エス,,9784860434717,2016年12月,6600,単行本,001012002,1,0.0
PythonでかんたんiOSアプリプログラミング,桑井博之,カットシステム,ｉＰｈｏｎｅ／ｉＰａｄアプリ開発の最適解！Ｏｂｊｅｃｔｉｖｅ-Ｃの習得もＪａｉｌｂｒｅａｋも必要ない！！ｉＯＳアプリ制作の新たな選択肢。Ｋｉｖｙの使い方からｉＯＳデバイスへの転送までを解説。,9784877833176,2013年07月,3740,単行本,001005001004/001005001006/001006019004,0,0.0
ピアノミニアルバム 角野隼斗 Happy Birthday To Everyone 12の調によるバースデー変奏曲,角野隼斗,ヤマハミュージックエンタテインメントホールディングス,,9784636977943,2020年11月28日頃,1100,単行本,001011003003/001018002004,0,0.0
"The ABCs of Buddhism: If You Want to Be Happy, Focus on Giving",太田寿/伊藤健太郎,1万年堂出版,,9784925253987,2016年,1100,単行本,001008004003,0,0.0
"【輸入楽譜】チャイコフスキー, Pytr Il'ich: やさしく弾ける「くるみ割り人形」: 12 Selections from the Ballet by Tchaikovsky","チャイコフスキー, Pytr Il'ich",ハル・レナード社,,2600001115901,1970年01月01日頃,2420,,001018002004,0,0.0
Python/TensorFlowによる深層強化学習入門,牧野浩二/西崎博光,オーム社,,9784274226731,2021年02月17日頃,3080,単行本,001005017,0,0.0
留学生のためのPython［基礎編］ワークブック,滝澤成人/酒井雅裕,カットシステム,,9784877838065,2019年02月,990,単行本,001005017,0,0.0
PythonライブラリBlueqatではじめる IBM Q 量子プログラミング入門,湊雄一郎/加藤巧己,秀和システム,,9784798062808,2021年02月13日頃,3850,単行本,001005017,0,0.0
テスト駆動Python,Brian Okken/株式会社クイープ,翔泳社,ｐｙｔｅｓｔを使ってＰｙｔｈｏｎでテスト駆動開発するための全知識。,9784798157603,2018年08月29日頃,3080,単行本,001005017,1,0.0
Pythonで始めるOpenCV3プログラミング,北山直洋,カットシステム,Ｐｙｔｈｏｎ　＋　ＯｐｅｎＣＶで画像・動画処理プログラミングを学ぶ。Ｃｈａｉｎｅｒを用いたＤｅｅｐ　Ｌｅａｒｎｉｎｇプログラムも実装。,9784877833732,2018年08月,3520,単行本,001005017,0,0.0
Studies　on　the　language　of　Pepys’s　diary,安井稔,開拓社,,9784758921497,2009年09月,2200,単行本,001008022008,0,0.0
Pythonによる異常検知,曽我部東馬,オーム社,,9784274225413,2021年02月26日頃,3520,単行本,001005017,0,0.0
Python開発のための実践プログラミングGAN,毛利拓也,秀和システム,,9784798062297,2021年02月13日頃,3520,単行本,001005017,0,0.0
【POD】Python基礎ドリル　穴埋め式,Grodet Aymeric/松本翔太,オーム社,,9784274701139,2020年04月27日頃,2420,,001015,0,0.0
【POD】ドリル形式で楽しく学ぶ　Processing-Python　改訂版,田中 賢一郎,インプレスR&D,,9784844379089,2020年08月21日頃,3080,単行本,001005005001/001005017,0,0.0
〜短期集中講座〜　土日でわかるPythonプログラミング教室,フロイデ株式会社　吉谷愛/佐藤おどり,SBクリエイティブ,Ｄｏｃｋｅｒ／ＭｅＣａｂ／Ｄｊａｎｇｏを使ったチャットボット作りで形態素解析を学び、ＡＩプログラミングの扉を開こう！人工知能はもはや「作る」時代ではなく「使う」時代。Ｐｙｔｈｏｎを学んで、人工知能を使いこなそう。,9784797388978,2017年09月19日頃,2618,単行本,001005017,2,3.0
留学生のためのPython［基礎編］ワークブック,滝澤成人/酒井雅裕,カットシステム,,9784877838065,2019年02月,990,単行本,001005017,0,0.0
テスト駆動Python,Brian Okken/株式会社クイープ,翔泳社,ｐｙｔｅｓｔを使ってＰｙｔｈｏｎでテスト駆動開発するための全知識。,9784798157603,2018年08月29日頃,3080,単行本,001005017,1,0.0
Pythonで始めるOpenCV3プログラミング,北山直洋,カットシステム,Ｐｙｔｈｏｎ　＋　ＯｐｅｎＣＶで画像・動画処理プログラミングを学ぶ。Ｃｈａｉｎｅｒを用いたＤｅｅｐ　Ｌｅａｒｎｉｎｇプログラムも実装。,9784877833732,2018年08月,3520,単行本,001005017,0,0.0
Pythonによる異常検知,曽我部東馬,オーム社,,9784274225413,2021年02月26日頃,3520,単行本,001005017,0,0.0
Python開発のための実践プログラミングGAN,毛利拓也,秀和システム,,9784798062297,2021年02月13日頃,3520,単行本,001005017,0,0.0
Studies　on　the　language　of　Pepys’s　diary,安井稔,開拓社,,9784758921497,2009年09月,2200,単行本,001008022008,0,0.0
Python開発のための実践プログラミングGAN,毛利拓也,秀和システム,,9784798062297,2021年02月13日頃,3520,単行本,001005017,0,0.0
バイオインフォマティクス,Antao、T./阿久津	達也,朝倉書店,,9784254122541,2020年08月05日頃,5720,単行本,001012006,0,0.0
サイバーセキュリティプログラミング,ジャスティン・サイツ/青木一史,オライリー・ジャパン,Ｐｙｔｈｏｎは情報セキュリティの世界では他よりも先んじているプログラミング言語です。本書ではＰｙｔｈｏｎを使った情報セキュリティにおける攻撃手法について解説します。前半ではｒａｗソケットやＳｃａｐｙライブラリなどネットワーク関連の内容を扱います。後半ではＣＯＭをＰｙｔｈｏｎから扱う方法やＶｏｌａｔｉｌｉｔｙフレームワークなどシステム関連のトピックを扱います。読者はコーディングを通じてサンプルＰｙｔｈｏｎツールの拡張、外部ツールとの連携や自動化について学習することができます。,9784873117317,2015年10月24日頃,3300,単行本,001005017,3,5.0
心理学実験プログラミング,十河宏行,朝倉書店,,9784254128918,2017年04月12日頃,3300,全集・双書,001008003001,0,0.0
データ分析のための機械学習入門,LINE株式会社　橋本 泰一/あずみ虫,SBクリエイティブ,いまの人工知能を支えているものは、データ、計算環境、アルゴリズム、プログラムです。膨大なデータが手に入らなければ、人工知能は作り出せません。そして、膨大なデータを処理する計算環境、アルゴリズム、プログラムがなければ、人工知能は作り出せません。本書では、具体的なデータ分析事例を交え、機械学習理論から実行環境、Ｐｙｔｈｏｎプログラミング、ディープラーニングまでを解説します。,9784797388084,2017年01月23日頃,2838,単行本,001005017,5,3.6
デザイン・コンピューティング入門,日本建築学会,コロナ社,,9784339052541,2017年09月,3300,単行本,001012011,0,0.0
